,fips,number_rivers_and_streams,length_of_rivers_and_streams
0,01001,9,235.04
1,01003,31,652.16
2,01005,17,344.38
3,01007,16,289.08
4,01009,15,322.44
5,01011,16,205.19
6,01013,8,268.29
7,01015,9,239.72
8,01017,15,203.58
9,01019,13,290.16
10,01021,18,310.61
11,01023,16,413.54
12,01025,23,543.07
13,01027,12,223.32
14,01029,11,183.55
15,01031,10,188.91
16,01033,9,216.06
17,01035,11,217.01
18,01037,9,272.97
19,01039,11,301.59
20,01041,9,186.05
21,01043,18,408.81
22,01045,11,202.5
23,01047,22,545.14
24,01049,15,363.44
25,01051,17,327.63
26,01053,21,319.06
27,01055,8,257.72
28,01057,14,204.44
29,01059,6,284.7
30,01061,14,245.73
31,01063,6,311.54
32,01065,10,267.43
33,01067,8,132.76
34,01069,9,147.92
35,01071,20,421.64
36,01073,12,582.39
37,01075,11,240.73
38,01077,10,316.2
39,01079,17,300.14
40,01081,13,210.97
41,01083,8,292.51
42,01085,12,241.93
43,01087,13,251.28
44,01089,13,362.92
45,01091,16,383.11
46,01093,18,344.2
47,01095,19,290.53
48,01097,20,424.8
49,01099,16,398.9
50,01101,16,315.6
51,01103,10,243.35
52,01105,18,300.9
53,01107,12,377.43
54,01109,13,209.33
55,01111,14,327.76
56,01113,13,291.37
57,01115,10,328.03
58,01117,11,276.23
59,01119,17,431.45
60,01121,10,299.26
61,01123,10,275.52
62,01125,15,551.86
63,01127,8,369.68
64,01129,18,436.23
65,01131,20,457.03
66,01133,12,348.41
67,04001,79,2442.3
68,04003,18,652.79
69,04005,84,2950.22
70,04007,72,1709.14
71,04009,45,1115.76
72,04011,25,506.3
73,04012,19,646.89
74,04013,56,1919.82
75,04015,61,2055.8
76,04017,58,1937.07
77,04019,64,1617.41
78,04021,34,957.57
79,04023,7,201.69
80,04025,89,2288.44
81,04027,25,687.3
82,05001,9,385.3
83,05003,19,409.27
84,05005,7,174.85
85,05007,11,284.33
86,05009,8,212.83
87,05011,12,318.37
88,05013,9,256.6
89,05015,9,285.63
90,05017,9,329.02
91,05019,16,471.07
92,05021,13,211.28
93,05023,16,313.11
94,05025,11,231.23
95,05027,15,325.53
96,05029,12,254.92
97,05031,7,118.13
98,05033,13,278.29
99,05035,2,29.38
100,05037,7,195.44
101,05039,11,197.69
102,05041,12,299.4
103,05043,16,339.53
104,05045,22,391.47
105,05047,12,208.77
106,05049,14,303.36
107,05051,16,288.28
108,05053,12,253.51
109,05055,9,116.32
110,05057,20,311.93
111,05059,13,238.01
112,05061,21,325.2
113,05063,19,392.35
114,05065,9,195.3
115,05067,18,359.37
116,05069,19,449.48
117,05071,13,254.91
118,05073,9,214.05
119,05075,16,302.19
120,05077,11,267.53
121,05079,8,261.15
122,05081,16,349.59
123,05083,11,278.8
124,05085,12,335.28
125,05087,11,285.24
126,05089,8,262.11
127,05091,13,312.6
128,05093,7,156.66
129,05095,15,379.16
130,05097,21,435.58
131,05099,15,244.03
132,05101,21,366.92
133,05103,15,351.09
134,05105,16,302.29
135,05107,12,326.42
136,05109,12,266.53
137,05111,9,242.59
138,05113,29,423.77
139,05115,16,324.77
140,05117,15,320.16
141,05119,21,381.79
142,05121,12,314.91
143,05123,9,206.8
144,05125,19,347.84
145,05127,15,346.35
146,05129,10,236.81
147,05131,14,210.42
148,05133,16,381.95
149,05135,12,273.4
150,05137,16,262.3
151,05139,19,344.0
152,05141,15,295.74
153,05143,20,388.11
154,05145,22,633.51
155,05147,15,359.73
156,05149,13,354.54
157,06001,18,240.11
158,06003,13,251.98
159,06005,18,332.84
160,06007,31,809.01
161,06009,25,491.52
162,06011,24,469.26
163,06013,10,137.84
164,06015,24,384.9
165,06017,35,838.35
166,06019,49,1336.78
167,06021,25,498.99
168,06023,40,1285.95
169,06025,27,973.12
170,06027,38,1129.84
171,06029,21,978.52
172,06031,5,197.87
173,06033,12,282.94
174,06035,37,897.44
175,06037,24,747.79
176,06039,26,675.78
177,06041,10,123.61
178,06043,22,579.72
179,06045,50,1274.22
180,06047,22,643.17
181,06049,50,880.71
182,06051,41,794.25
183,06053,42,1062.65
184,06055,18,291.75
185,06057,24,482.64
186,06059,12,270.44
187,06061,20,548.47
188,06063,46,1017.76
189,06065,35,986.03
190,06067,18,403.98
191,06069,30,538.37
192,06071,42,1273.46
193,06073,41,1144.67
194,06075,0,0.0
195,06077,14,438.15
196,06079,44,936.52
197,06081,10,124.52
198,06083,20,604.85
199,06085,34,683.54
200,06087,14,170.6
201,06089,61,1523.16
202,06091,15,278.16
203,06093,48,1374.4
204,06095,13,161.0
205,06097,21,583.01
206,06099,19,493.96
207,06101,9,154.13
208,06103,53,1506.1
209,06105,44,1126.49
210,06107,48,1258.93
211,06109,42,1106.15
212,06111,20,474.14
213,06113,11,287.28
214,06115,13,310.69
215,08003,5,113.82
216,08005,20,344.2
217,08007,23,475.85
218,08009,18,721.06
219,08011,13,447.55
220,08015,15,343.67
221,08017,16,608.14
222,08019,11,164.53
223,08021,15,493.87
224,08023,17,373.13
225,08025,4,128.11
226,08027,17,274.86
227,08029,32,533.03
228,08031,74,2575.89
229,08033,14,309.94
230,08035,17,315.57
231,08037,20,515.02
232,08039,30,848.53
233,08041,29,708.68
234,08043,19,542.77
235,08045,66,1063.45
236,08047,5,60.88
237,08049,31,768.76
238,08051,54,1219.81
239,08053,22,389.8
240,08055,20,536.31
241,08057,35,844.57
242,08061,7,168.54
243,08063,16,894.88
244,08065,8,128.3
245,08067,15,513.03
246,08069,48,1163.54
247,08071,44,1382.11
248,08073,25,808.77
249,08075,16,400.92
250,08077,38,961.62
251,08079,18,272.74
252,08081,46,1366.27
253,08083,26,605.56
254,08085,32,790.86
255,08087,11,403.61
256,08089,12,386.36
257,08091,12,204.73
258,08093,28,712.03
259,08095,5,174.62
260,08097,14,348.82
261,08099,11,452.5
262,08101,29,801.27
263,08103,65,1221.7
264,08105,13,279.51
265,08107,56,1067.86
266,08109,42,903.21
267,08111,5,84.45
268,08113,21,442.66
269,08115,4,106.49
270,08117,6,178.58
271,08119,16,197.25
272,08121,17,632.82
273,08125,10,272.44
274,09001,20,306.08
275,09003,37,452.92
276,09005,34,340.9
277,09007,21,192.1
278,09009,20,323.22
279,09011,38,306.02
280,09013,24,231.27
281,09015,22,310.93
282,10001,28,255.35
283,10003,13,126.83
284,10005,31,374.81
285,11001,3,20.37
286,12001,5,83.74
287,12003,9,121.43
288,12005,19,288.99
289,12007,3,66.4
290,12009,7,217.28
291,12011,6,198.92
292,12013,14,237.0
293,12015,14,126.39
294,12017,5,74.76
295,12019,14,196.23
296,12021,7,146.81
297,12023,7,154.29
298,12027,11,217.88
299,12029,6,122.46
300,12031,9,139.32
301,12033,17,296.17
302,12035,8,98.13
303,12037,9,138.59
304,12039,15,236.52
305,12041,2,45.79
306,12043,14,237.27
307,12045,15,261.37
308,12047,7,127.1
309,12049,14,289.73
310,12051,9,116.19
311,12053,3,42.28
312,12055,17,269.87
313,12057,32,422.34
314,12059,7,164.95
315,12061,3,59.93
316,12063,14,186.65
317,12065,7,126.62
318,12067,6,100.06
319,12069,10,136.11
320,12071,10,82.1
321,12073,4,84.15
322,12075,9,192.38
323,12077,16,339.04
324,12079,5,104.54
325,12081,25,318.45
326,12083,8,149.87
327,12085,5,108.33
328,12086,8,210.8
329,12087,19,168.74
330,12089,8,120.23
331,12091,15,297.64
332,12093,10,154.74
333,12095,10,166.8
334,12097,19,277.84
335,12099,12,494.94
336,12101,7,131.37
337,12103,2,37.16
338,12105,32,403.2
339,12107,8,115.41
340,12109,13,149.79
341,12111,6,116.36
342,12113,17,359.43
343,12115,12,207.72
344,12117,5,90.39
345,12119,7,105.96
346,12121,6,135.3
347,12123,7,218.74
348,12125,6,83.31
349,12127,8,202.45
350,12129,6,130.23
351,12131,27,443.4
352,12133,10,195.33
353,13001,11,202.35
354,13003,8,109.78
355,13005,3,91.29
356,13007,7,159.01
357,13009,3,51.64
358,13011,6,120.57
359,13013,5,64.91
360,13015,15,224.59
361,13017,7,48.89
362,13019,8,153.43
363,13021,5,123.66
364,13023,5,57.87
365,13025,4,132.42
366,13027,5,133.93
367,13029,10,193.58
368,13031,8,222.41
369,13033,8,226.11
370,13035,6,88.57
371,13037,6,82.84
372,13039,7,155.09
373,13043,4,79.64
374,13045,10,172.19
375,13047,6,107.39
376,13049,11,179.55
377,13051,8,122.8
378,13053,6,84.34
379,13055,9,140.98
380,13057,10,182.49
381,13059,4,63.47
382,13061,7,96.02
383,13063,3,52.9
384,13065,6,216.3
385,13067,4,91.89
386,13069,11,192.07
387,13071,7,240.74
388,13073,5,66.3
389,13075,5,73.21
390,13077,13,186.92
391,13079,6,90.7
392,13081,6,78.57
393,13083,3,64.69
394,13085,4,97.98
395,13087,7,194.24
396,13089,6,109.69
397,13091,9,190.18
398,13093,10,121.23
399,13095,6,107.46
400,13097,6,73.03
401,13099,9,167.24
402,13101,5,128.4
403,13103,7,166.24
404,13105,11,199.55
405,13107,10,159.47
406,13109,3,66.76
407,13111,11,200.72
408,13113,4,81.69
409,13115,12,245.63
410,13117,7,99.08
411,13119,11,144.93
412,13121,15,168.49
413,13123,8,163.22
414,13125,4,52.79
415,13127,7,66.32
416,13129,11,183.08
417,13131,8,114.82
418,13133,9,156.78
419,13135,12,166.48
420,13137,11,105.95
421,13139,15,204.24
422,13141,9,107.11
423,13143,5,101.19
424,13145,10,202.64
425,13147,11,120.38
426,13149,4,111.71
427,13151,9,148.14
428,13153,6,132.49
429,13155,10,165.22
430,13157,8,180.26
431,13159,7,80.94
432,13161,9,124.53
433,13163,6,189.76
434,13165,6,99.19
435,13167,6,80.91
436,13169,10,129.38
437,13171,10,86.75
438,13173,5,61.82
439,13175,13,291.7
440,13177,7,147.47
441,13179,10,167.02
442,13181,4,99.4
443,13183,6,108.37
444,13185,7,145.6
445,13187,7,109.91
446,13189,9,105.56
447,13191,13,118.94
448,13193,8,149.37
449,13195,11,145.12
450,13197,6,78.42
451,13199,17,185.16
452,13201,7,100.25
453,13205,6,81.1
454,13207,11,159.19
455,13209,6,59.84
456,13211,10,168.8
457,13213,7,164.68
458,13215,7,111.51
459,13217,11,138.52
460,13219,5,64.25
461,13221,11,145.24
462,13223,6,111.78
463,13225,5,44.79
464,13227,6,79.35
465,13229,10,117.32
466,13231,3,73.29
467,13233,7,99.59
468,13235,7,127.64
469,13237,7,145.03
470,13239,4,53.56
471,13241,8,192.12
472,13243,11,113.22
473,13245,10,129.55
474,13247,5,64.99
475,13249,4,37.36
476,13251,6,216.63
477,13253,4,74.87
478,13255,8,69.88
479,13257,5,86.35
480,13259,9,159.28
481,13261,9,161.37
482,13263,11,171.34
483,13265,8,71.24
484,13267,11,178.41
485,13269,6,155.72
486,13271,6,229.86
487,13273,7,101.29
488,13275,11,181.18
489,13277,7,71.11
490,13279,7,137.93
491,13281,3,61.13
492,13283,7,75.94
493,13285,8,174.28
494,13287,5,81.58
495,13289,10,150.51
496,13291,14,139.17
497,13293,7,163.59
498,13295,18,225.09
499,13297,9,141.04
500,13299,9,130.04
501,13301,9,124.23
502,13303,9,201.13
503,13305,10,193.39
504,13307,5,81.91
505,13309,6,126.56
506,13311,9,127.57
507,13313,8,157.15
508,13315,9,127.72
509,13317,12,153.39
510,13319,8,180.29
511,13321,11,185.79
512,16001,11,236.64
513,16003,27,581.29
514,16005,21,396.76
515,16007,12,324.8
516,16009,21,291.04
517,16011,10,293.93
518,16013,36,679.68
519,16015,31,674.62
520,16017,42,537.63
521,16019,28,561.04
522,16021,25,453.19
523,16023,22,378.71
524,16025,24,351.23
525,16027,7,121.58
526,16029,17,434.34
527,16031,21,423.89
528,16033,32,519.23
529,16035,50,918.51
530,16037,77,1513.27
531,16039,47,1031.41
532,16041,11,259.94
533,16043,23,575.21
534,16045,6,108.88
535,16047,10,267.68
536,16049,132,2871.85
537,16051,4,120.4
538,16053,2,40.11
539,16055,35,335.71
540,16057,16,308.79
541,16059,72,1404.44
542,16061,10,174.68
543,16063,4,131.39
544,16065,9,162.48
545,16067,2,36.14
546,16069,17,269.07
547,16071,9,175.63
548,16073,88,2548.3
549,16075,6,118.17
550,16077,13,296.71
551,16079,54,890.17
552,16081,9,126.78
553,16083,17,475.96
554,16085,54,1231.99
555,16087,27,485.92
556,17001,11,211.86
557,17003,8,138.96
558,17005,10,142.25
559,17007,6,108.06
560,17009,4,91.56
561,17011,12,281.47
562,17013,4,107.67
563,17015,16,260.1
564,17017,8,97.41
565,17019,13,331.91
566,17021,10,213.36
567,17023,9,167.85
568,17025,14,266.24
569,17027,12,261.53
570,17029,12,225.37
571,17031,18,365.53
572,17033,12,133.76
573,17035,10,167.36
574,17037,13,284.44
575,17039,3,92.83
576,17041,8,180.76
577,17043,6,74.32
578,17045,14,227.67
579,17047,12,117.1
580,17049,13,186.23
581,17051,21,330.15
582,17053,13,142.22
583,17055,8,163.08
584,17057,14,329.5
585,17059,6,95.45
586,17061,6,152.37
587,17063,15,251.98
588,17065,15,174.04
589,17067,16,275.25
590,17069,5,42.84
591,17071,10,179.93
592,17073,12,274.11
593,17075,18,485.59
594,17077,15,321.39
595,17079,11,230.77
596,17081,15,260.28
597,17083,4,72.92
598,17085,14,288.7
599,17087,13,165.02
600,17089,10,171.1
601,17091,14,251.49
602,17093,12,177.63
603,17095,12,246.29
604,17097,7,123.36
605,17099,14,352.2
606,17101,11,165.18
607,17103,10,207.93
608,17105,13,326.1
609,17107,7,210.97
610,17109,10,252.46
611,17111,10,241.9
612,17113,9,302.52
613,17115,5,126.25
614,17117,18,308.65
615,17119,17,313.76
616,17121,11,234.26
617,17123,5,158.45
618,17125,9,151.06
619,17127,6,50.87
620,17129,6,84.31
621,17131,10,264.8
622,17133,8,138.32
623,17135,16,245.26
624,17137,11,153.13
625,17139,10,76.49
626,17141,14,260.99
627,17143,9,213.83
628,17145,11,234.3
629,17147,3,55.06
630,17149,14,304.14
631,17151,6,126.44
632,17153,7,87.28
633,17155,3,44.35
634,17157,11,264.37
635,17159,12,140.35
636,17161,8,187.66
637,17163,13,232.63
638,17165,9,127.99
639,17167,12,347.54
640,17169,8,167.1
641,17171,3,66.61
642,17173,20,301.73
643,17175,5,110.87
644,17177,9,230.3
645,17179,7,192.64
646,17181,11,187.67
647,17183,15,344.52
648,17185,7,61.0
649,17187,10,206.73
650,17189,20,232.84
651,17191,21,336.09
652,17193,17,215.68
653,17195,11,224.55
654,17197,23,494.69
655,17199,11,211.88
656,17201,14,225.16
657,17203,8,153.6
658,18001,5,87.41
659,18003,14,220.18
660,18005,13,196.3
661,18007,8,122.29
662,18009,4,56.56
663,18011,11,184.93
664,18013,6,126.44
665,18015,9,172.04
666,18017,9,139.01
667,18019,4,114.02
668,18021,6,129.09
669,18023,9,190.09
670,18025,10,187.49
671,18027,14,228.12
672,18029,12,156.26
673,18031,8,152.7
674,18033,10,135.77
675,18035,10,178.35
676,18037,19,235.25
677,18039,11,214.77
678,18041,6,64.56
679,18043,6,43.01
680,18045,8,130.03
681,18047,13,190.75
682,18049,5,117.62
683,18051,13,179.14
684,18053,5,119.54
685,18055,12,261.3
686,18057,12,197.16
687,18059,6,134.88
688,18061,8,229.01
689,18063,9,171.6
690,18065,11,160.72
691,18067,8,144.84
692,18069,10,115.96
693,18071,15,243.3
694,18073,7,115.03
695,18075,7,95.79
696,18077,8,136.41
697,18079,9,243.03
698,18081,14,151.22
699,18083,10,182.69
700,18085,8,160.84
701,18087,8,123.91
702,18089,10,186.5
703,18091,10,139.8
704,18093,11,238.08
705,18095,8,174.29
706,18097,12,207.4
707,18099,4,86.6
708,18101,8,189.61
709,18103,10,138.7
710,18105,11,153.2
711,18107,12,189.82
712,18109,14,198.56
713,18111,5,65.35
714,18113,8,93.05
715,18115,3,48.42
716,18117,10,214.45
717,18119,14,177.9
718,18121,8,194.46
719,18123,11,153.36
720,18125,9,123.64
721,18127,11,165.58
722,18129,11,127.65
723,18131,7,160.8
724,18133,11,203.03
725,18135,12,179.18
726,18137,14,230.1
727,18139,12,205.1
728,18141,6,98.22
729,18143,8,102.03
730,18145,10,233.12
731,18147,15,137.52
732,18149,5,59.83
733,18151,6,79.73
734,18153,7,130.83
735,18155,6,56.07
736,18157,11,192.44
737,18159,8,61.92
738,18161,4,61.48
739,18163,5,52.72
740,18165,5,79.56
741,18167,9,117.92
742,18169,7,131.86
743,18171,7,95.7
744,18173,10,148.43
745,18175,18,268.87
746,18177,10,230.5
747,18179,6,102.07
748,18181,12,221.54
749,18183,10,145.07
750,19001,12,219.96
751,19003,7,137.12
752,19005,9,269.83
753,19007,10,211.46
754,19009,6,108.58
755,19011,11,169.77
756,19013,11,188.14
757,19015,5,143.54
758,19017,9,233.45
759,19019,13,226.31
760,19021,9,153.43
761,19023,9,255.08
762,19025,9,250.64
763,19027,10,185.06
764,19029,7,220.58
765,19031,8,206.74
766,19033,9,213.76
767,19035,7,208.33
768,19037,8,210.62
769,19039,6,132.43
770,19041,7,175.07
771,19043,8,285.14
772,19045,11,226.54
773,19047,8,172.94
774,19049,10,248.0
775,19051,12,269.32
776,19053,9,221.41
777,19055,7,154.13
778,19057,7,106.95
779,19059,3,83.98
780,19061,10,225.5
781,19063,5,83.83
782,19065,11,263.89
783,19067,7,191.14
784,19069,9,202.2
785,19071,10,196.07
786,19073,9,229.26
787,19075,3,83.87
788,19077,10,259.02
789,19079,10,173.4
790,19081,7,192.78
791,19083,7,222.81
792,19085,14,288.93
793,19087,7,184.41
794,19089,8,175.99
795,19091,6,100.11
796,19093,5,117.16
797,19095,8,172.12
798,19097,13,259.05
799,19099,8,213.87
800,19101,8,144.22
801,19103,6,184.48
802,19105,9,250.97
803,19107,8,219.55
804,19109,7,208.85
805,19111,8,221.61
806,19113,11,267.28
807,19115,9,155.09
808,19117,8,179.63
809,19119,9,210.08
810,19121,9,311.31
811,19123,10,260.96
812,19125,10,232.78
813,19127,12,202.82
814,19129,8,150.22
815,19131,5,147.18
816,19133,12,258.57
817,19135,10,105.9
818,19137,9,198.83
819,19139,9,143.91
820,19141,11,206.58
821,19143,6,132.03
822,19145,9,204.67
823,19147,9,197.47
824,19149,20,414.29
825,19151,8,296.13
826,19153,11,260.36
827,19155,16,440.33
828,19157,11,207.35
829,19159,10,237.58
830,19161,6,139.52
831,19163,10,188.58
832,19165,11,238.73
833,19167,15,354.37
834,19169,11,201.04
835,19171,8,236.1
836,19173,9,239.8
837,19175,10,217.05
838,19177,7,197.08
839,19179,6,138.62
840,19181,10,242.49
841,19183,10,232.46
842,19185,12,140.94
843,19187,11,295.74
844,19189,7,125.71
845,19191,9,228.89
846,19193,16,281.88
847,19195,5,94.14
848,19197,10,231.25
849,20001,12,211.12
850,20003,11,229.58
851,20005,14,167.37
852,20007,28,530.77
853,20009,16,328.55
854,20011,9,229.71
855,20013,10,200.06
856,20015,32,682.19
857,20017,21,429.76
858,20019,12,262.64
859,20021,11,254.86
860,20023,7,219.51
861,20025,22,497.0
862,20027,14,276.97
863,20029,19,326.11
864,20031,11,238.12
865,20033,18,344.69
866,20035,16,468.8
867,20037,7,165.08
868,20039,9,291.26
869,20041,13,367.97
870,20043,7,130.72
871,20045,9,152.48
872,20047,5,133.0
873,20049,15,274.81
874,20051,5,291.02
875,20053,14,215.95
876,20055,4,131.55
877,20057,15,370.18
878,20059,10,194.0
879,20061,15,224.65
880,20063,8,406.81
881,20065,6,213.1
882,20067,5,152.28
883,20069,7,118.78
884,20071,3,118.15
885,20073,24,592.72
886,20075,4,105.03
887,20077,19,430.82
888,20079,13,285.67
889,20081,2,13.7
890,20083,14,410.0
891,20085,14,239.69
892,20087,15,241.51
893,20089,22,358.49
894,20091,11,152.65
895,20093,2,64.72
896,20095,15,383.72
897,20097,13,325.54
898,20099,11,248.98
899,20101,8,212.04
900,20103,10,146.34
901,20105,16,367.07
902,20107,7,243.1
903,20109,10,434.07
904,20111,22,505.93
905,20113,16,309.72
906,20115,20,400.18
907,20117,13,312.72
908,20119,10,288.65
909,20121,9,219.0
910,20123,19,363.83
911,20125,11,276.58
912,20127,19,288.57
913,20129,2,126.35
914,20131,18,273.32
915,20133,11,237.07
916,20135,19,447.56
917,20137,7,241.71
918,20139,7,245.64
919,20141,16,367.64
920,20143,17,379.86
921,20145,10,321.82
922,20147,12,313.0
923,20149,9,252.86
924,20151,12,199.75
925,20153,11,394.62
926,20155,23,490.55
927,20157,15,310.3
928,20159,12,290.02
929,20161,15,316.26
930,20163,6,188.15
931,20165,13,230.79
932,20167,16,398.88
933,20169,10,369.83
934,20171,4,102.37
935,20173,24,503.42
936,20175,1,73.92
937,20177,11,234.48
938,20179,10,382.71
939,20181,11,391.58
940,20183,17,384.8
941,20185,7,218.16
942,20187,6,187.75
943,20189,2,28.66
944,20191,19,539.01
945,20193,9,475.56
946,20195,7,304.72
947,20197,22,294.29
948,20199,11,324.0
949,20201,17,349.89
950,20203,5,183.59
951,20205,9,219.45
952,20207,10,187.33
953,20209,3,48.04
954,21001,13,238.67
955,21003,9,215.3
956,21005,5,102.41
957,21007,8,103.03
958,21009,10,231.08
959,21011,7,181.14
960,21013,16,229.31
961,21015,11,134.03
962,21017,10,228.01
963,21019,4,53.0
964,21021,7,81.27
965,21023,10,120.68
966,21025,8,263.04
967,21027,20,338.9
968,21029,10,126.54
969,21031,15,260.97
970,21033,13,151.81
971,21035,12,170.18
972,21037,6,105.57
973,21039,7,85.53
974,21041,9,81.08
975,21043,12,224.57
976,21045,13,188.48
977,21047,22,326.88
978,21049,9,135.09
979,21051,11,224.84
980,21053,8,73.34
981,21055,11,196.31
982,21057,11,158.42
983,21059,9,187.37
984,21061,10,174.39
985,21063,12,122.48
986,21065,6,130.63
987,21067,8,125.45
988,21069,7,207.56
989,21071,12,219.64
990,21073,10,154.57
991,21075,8,113.39
992,21077,7,64.35
993,21079,6,146.71
994,21081,12,118.27
995,21083,12,186.31
996,21085,15,284.88
997,21087,10,213.11
998,21089,12,222.61
999,21091,10,111.53
1000,21093,19,290.53
1001,21095,12,271.96
1002,21097,10,206.41
1003,21099,5,174.96
1004,21101,13,256.29
1005,21103,14,138.2
1006,21105,8,102.58
1007,21107,14,235.4
1008,21109,11,149.94
1009,21111,11,165.6
1010,21113,7,133.09
1011,21115,8,123.42
1012,21117,7,86.97
1013,21119,9,178.16
1014,21121,11,197.1
1015,21123,11,141.79
1016,21125,14,235.0
1017,21127,12,222.04
1018,21129,6,117.82
1019,21131,7,192.29
1020,21133,8,187.08
1021,21135,10,261.92
1022,21137,9,163.99
1023,21139,9,162.98
1024,21141,15,266.14
1025,21143,5,81.24
1026,21145,11,165.65
1027,21147,9,192.65
1028,21149,5,106.06
1029,21151,10,247.81
1030,21153,5,102.81
1031,21155,7,156.63
1032,21157,7,159.85
1033,21159,9,134.8
1034,21161,6,111.32
1035,21163,8,133.44
1036,21165,9,60.64
1037,21167,6,147.1
1038,21169,10,142.68
1039,21171,15,200.28
1040,21173,6,100.71
1041,21175,13,176.28
1042,21177,13,234.64
1043,21179,17,244.77
1044,21181,8,122.57
1045,21183,15,299.62
1046,21185,8,98.46
1047,21187,13,207.14
1048,21189,5,73.8
1049,21191,12,186.18
1050,21193,9,169.23
1051,21195,19,425.7
1052,21197,5,88.89
1053,21199,15,380.49
1054,21201,4,62.24
1055,21203,11,143.58
1056,21205,8,129.79
1057,21207,7,126.25
1058,21209,11,193.97
1059,21211,13,215.19
1060,21213,4,66.0
1061,21215,8,154.32
1062,21217,6,125.68
1063,21219,11,177.02
1064,21221,11,219.24
1065,21223,7,77.7
1066,21225,8,154.12
1067,21227,18,240.49
1068,21229,9,253.72
1069,21231,7,189.48
1070,21233,10,152.08
1071,21235,13,200.78
1072,21237,6,95.88
1073,21239,7,113.57
1074,22001,15,323.88
1075,22003,20,373.75
1076,22005,8,112.38
1077,22007,5,8.52
1078,22009,20,318.77
1079,22011,24,551.12
1080,22013,19,394.05
1081,22015,13,467.54
1082,22017,24,473.87
1083,22019,25,457.1
1084,22021,11,212.88
1085,22023,8,293.62
1086,22025,24,486.05
1087,22027,17,247.85
1088,22029,11,312.89
1089,22031,28,423.15
1090,22033,10,253.92
1091,22035,4,195.39
1092,22037,19,236.62
1093,22039,16,286.81
1094,22041,14,388.96
1095,22043,20,372.1
1096,22045,5,111.67
1097,22047,8,195.17
1098,22049,14,219.31
1099,22051,3,74.14
1100,22053,19,287.2
1101,22055,7,135.82
1102,22057,11,198.82
1103,22059,24,340.55
1104,22061,12,178.97
1105,22063,21,429.94
1106,22065,8,258.85
1107,22067,11,418.26
1108,22069,43,721.89
1109,22071,5,123.91
1110,22073,13,313.41
1111,22075,2,230.09
1112,22077,13,225.16
1113,22079,36,666.66
1114,22081,10,223.82
1115,22083,9,247.54
1116,22085,31,478.09
1117,22087,2,66.44
1118,22089,4,51.77
1119,22091,13,205.82
1120,22093,7,95.15
1121,22095,5,95.9
1122,22097,17,396.18
1123,22099,14,251.61
1124,22101,7,228.52
1125,22103,15,470.72
1126,22105,23,455.07
1127,22107,7,171.02
1128,22109,7,152.96
1129,22111,16,347.97
1130,22113,14,221.54
1131,22115,34,690.79
1132,22117,13,282.45
1133,22119,13,214.68
1134,22121,8,134.53
1135,22123,5,151.52
1136,22125,9,226.47
1137,22127,32,430.92
1138,23001,16,247.09
1139,23003,158,3230.73
1140,23005,33,386.46
1141,23007,41,639.18
1142,23009,40,394.95
1143,23011,16,266.13
1144,23013,8,116.49
1145,23015,15,181.04
1146,23017,55,875.78
1147,23019,95,1440.58
1148,23021,107,1625.38
1149,23023,7,59.67
1150,23025,93,1523.04
1151,23027,21,281.85
1152,23029,63,1035.93
1153,23031,33,539.68
1154,24001,18,312.48
1155,24003,10,93.99
1156,24005,12,270.7
1157,24009,4,43.69
1158,24011,7,105.43
1159,24013,15,228.09
1160,24015,14,142.89
1161,24017,8,137.26
1162,24019,11,219.93
1163,24021,17,303.25
1164,24023,18,297.68
1165,24025,9,194.91
1166,24027,6,105.36
1167,24029,5,50.82
1168,24031,13,222.99
1169,24033,12,192.73
1170,24035,5,77.36
1171,24037,8,80.75
1172,24039,8,95.81
1173,24041,3,31.84
1174,24043,21,298.29
1175,24045,15,188.91
1176,24047,11,162.83
1177,25001,6,52.51
1178,25003,45,375.92
1179,25005,17,180.01
1180,25007,0,0.0
1181,25009,15,235.33
1182,25011,28,367.63
1183,25013,38,356.48
1184,25015,28,398.73
1185,25017,32,397.52
1186,25019,0,0.0
1187,25021,13,140.42
1188,25023,19,210.08
1189,25025,2,19.57
1190,25027,65,738.07
1191,26001,22,280.14
1192,26003,14,229.6
1193,26005,16,356.7
1194,26007,16,271.8
1195,26009,8,69.9
1196,26011,6,152.24
1197,26013,27,391.25
1198,26015,14,231.14
1199,26017,10,159.82
1200,26019,3,92.8
1201,26021,11,243.85
1202,26023,12,197.14
1203,26025,15,299.92
1204,26027,9,120.73
1205,26029,7,61.02
1206,26031,12,255.49
1207,26033,19,364.1
1208,26035,13,190.87
1209,26037,12,249.37
1210,26039,10,220.62
1211,26041,16,368.23
1212,26043,17,338.78
1213,26045,12,235.78
1214,26047,6,59.6
1215,26049,17,300.53
1216,26051,14,256.54
1217,26053,29,481.24
1218,26055,10,93.65
1219,26057,9,192.1
1220,26059,17,269.94
1221,26061,17,278.46
1222,26063,11,260.4
1223,26065,14,251.34
1224,26067,17,290.26
1225,26069,16,253.36
1226,26071,36,532.62
1227,26073,12,248.18
1228,26075,13,226.17
1229,26077,13,184.77
1230,26079,5,116.56
1231,26081,21,362.11
1232,26083,13,132.0
1233,26085,10,190.71
1234,26087,17,249.64
1235,26089,2,17.91
1236,26091,13,391.03
1237,26093,16,232.28
1238,26095,16,284.25
1239,26097,12,171.2
1240,26099,19,291.95
1241,26101,6,170.56
1242,26103,40,700.1
1243,26105,9,193.56
1244,26107,9,160.22
1245,26109,16,441.97
1246,26111,14,250.6
1247,26113,11,196.38
1248,26115,18,272.45
1249,26117,13,267.03
1250,26119,16,270.3
1251,26121,8,175.79
1252,26123,13,271.65
1253,26125,22,268.08
1254,26127,12,162.18
1255,26129,9,112.63
1256,26131,25,551.25
1257,26133,16,205.9
1258,26135,12,148.49
1259,26137,13,139.19
1260,26139,15,204.17
1261,26141,11,170.63
1262,26143,13,152.73
1263,26145,24,390.09
1264,26147,17,366.98
1265,26149,15,294.49
1266,26151,9,285.21
1267,26153,13,339.06
1268,26155,9,203.85
1269,26157,14,248.81
1270,26159,13,162.21
1271,26161,15,237.93
1272,26163,17,271.4
1273,26165,8,175.08
1274,27001,33,701.73
1275,27003,8,160.35
1276,27005,15,288.21
1277,27007,27,716.64
1278,27009,11,204.58
1279,27011,6,121.17
1280,27013,14,427.85
1281,27015,10,277.45
1282,27017,28,479.1
1283,27019,9,141.23
1284,27021,29,624.52
1285,27023,9,168.71
1286,27025,9,162.12
1287,27027,9,359.51
1288,27029,21,368.7
1289,27031,28,422.37
1290,27033,12,254.98
1291,27035,15,317.81
1292,27037,8,184.4
1293,27039,8,195.86
1294,27041,6,87.2
1295,27043,11,250.91
1296,27045,12,310.09
1297,27047,10,168.75
1298,27049,18,390.68
1299,27051,6,127.27
1300,27053,12,210.14
1301,27055,9,217.29
1302,27057,12,265.07
1303,27059,4,91.74
1304,27061,44,832.86
1305,27063,9,194.15
1306,27065,14,279.1
1307,27067,8,144.32
1308,27069,8,289.22
1309,27071,32,1044.91
1310,27073,11,306.9
1311,27075,44,832.7
1312,27077,17,469.46
1313,27079,10,159.84
1314,27081,10,213.27
1315,27083,10,303.74
1316,27085,5,148.04
1317,27087,9,195.73
1318,27089,8,470.04
1319,27091,8,214.48
1320,27093,8,158.4
1321,27095,11,247.05
1322,27097,20,442.75
1323,27099,14,262.67
1324,27101,11,243.81
1325,27103,9,148.25
1326,27105,11,212.94
1327,27107,10,314.97
1328,27109,12,291.89
1329,27111,18,421.24
1330,27113,4,132.37
1331,27115,33,688.31
1332,27117,12,227.47
1333,27119,15,534.17
1334,27121,8,174.33
1335,27123,3,24.11
1336,27125,8,231.15
1337,27127,19,374.81
1338,27129,15,383.98
1339,27131,11,192.94
1340,27133,11,222.58
1341,27135,12,361.2
1342,27137,109,2475.73
1343,27139,11,179.65
1344,27141,12,220.67
1345,27143,10,277.09
1346,27145,16,413.1
1347,27147,9,134.71
1348,27149,7,103.79
1349,27151,8,229.24
1350,27153,17,389.47
1351,27155,10,182.1
1352,27157,18,273.32
1353,27159,11,280.74
1354,27161,6,125.19
1355,27163,4,85.54
1356,27165,8,195.78
1357,27167,8,244.69
1358,27169,14,254.0
1359,27171,11,201.52
1360,27173,16,294.07
1361,28001,15,243.43
1362,28003,12,170.16
1363,28005,20,261.81
1364,28007,16,274.59
1365,28009,11,126.63
1366,28011,16,379.45
1367,28013,14,206.15
1368,28015,13,200.19
1369,28017,15,200.23
1370,28019,13,140.12
1371,28021,14,275.79
1372,28023,13,299.47
1373,28025,16,182.77
1374,28027,12,224.9
1375,28029,19,330.63
1376,28031,6,157.01
1377,28033,8,168.64
1378,28035,11,159.73
1379,28037,19,282.55
1380,28039,13,214.93
1381,28041,13,270.36
1382,28043,7,143.25
1383,28045,13,203.64
1384,28047,13,279.54
1385,28049,20,394.09
1386,28051,18,318.43
1387,28053,8,139.75
1388,28055,5,171.21
1389,28057,13,286.65
1390,28059,13,296.94
1391,28061,9,238.94
1392,28063,19,231.34
1393,28065,6,108.17
1394,28067,9,223.53
1395,28069,14,292.89
1396,28071,11,207.13
1397,28073,7,120.55
1398,28075,14,239.72
1399,28077,8,172.31
1400,28079,9,206.91
1401,28081,12,205.51
1402,28083,13,242.4
1403,28085,19,190.56
1404,28087,13,193.24
1405,28089,12,278.83
1406,28091,7,194.7
1407,28093,13,197.9
1408,28095,18,316.29
1409,28097,8,132.29
1410,28099,16,189.89
1411,28101,12,207.88
1412,28103,13,279.74
1413,28105,11,202.16
1414,28107,13,177.56
1415,28109,9,214.61
1416,28111,12,255.04
1417,28113,7,176.49
1418,28115,12,103.77
1419,28117,14,193.66
1420,28119,13,195.41
1421,28121,11,286.98
1422,28123,15,246.92
1423,28125,7,232.39
1424,28127,10,191.57
1425,28129,11,217.77
1426,28131,12,190.09
1427,28133,14,388.86
1428,28135,15,241.73
1429,28137,9,156.73
1430,28139,14,154.89
1431,28141,10,162.46
1432,28143,7,146.02
1433,28145,13,139.27
1434,28147,5,95.02
1435,28149,17,259.6
1436,28151,9,258.19
1437,28153,10,309.46
1438,28155,13,124.56
1439,28157,25,313.65
1440,28159,11,182.12
1441,28161,6,77.13
1442,28163,16,382.67
1443,29001,13,205.3
1444,29003,9,155.77
1445,29005,10,225.11
1446,29007,14,302.85
1447,29009,12,258.2
1448,29011,12,186.62
1449,29013,14,312.18
1450,29015,11,301.0
1451,29017,8,206.44
1452,29019,12,298.17
1453,29021,11,211.03
1454,29023,13,332.08
1455,29025,5,95.46
1456,29027,11,387.04
1457,29029,7,273.12
1458,29031,15,302.24
1459,29033,10,273.06
1460,29035,7,180.9
1461,29037,16,304.01
1462,29039,8,213.0
1463,29041,19,390.22
1464,29043,10,176.28
1465,29045,16,285.61
1466,29047,10,135.51
1467,29049,7,129.61
1468,29051,6,219.21
1469,29053,7,244.24
1470,29055,13,331.11
1471,29057,8,189.17
1472,29059,10,252.15
1473,29061,7,194.26
1474,29063,7,170.12
1475,29065,18,256.23
1476,29067,15,330.94
1477,29069,3,150.31
1478,29071,13,503.51
1479,29073,12,227.03
1480,29075,8,154.13
1481,29077,10,224.06
1482,29079,11,211.63
1483,29081,12,300.14
1484,29083,10,243.42
1485,29085,11,204.97
1486,29087,9,148.73
1487,29089,6,162.31
1488,29091,15,330.67
1489,29093,14,195.25
1490,29095,11,222.08
1491,29097,8,274.9
1492,29099,7,234.06
1493,29101,13,252.89
1494,29103,12,290.92
1495,29105,6,216.92
1496,29107,10,222.54
1497,29109,12,197.92
1498,29111,12,337.72
1499,29113,15,296.37
1500,29115,9,268.62
1501,29117,11,185.13
1502,29119,9,198.49
1503,29121,10,363.46
1504,29123,6,174.21
1505,29125,9,232.25
1506,29127,11,252.34
1507,29129,8,186.91
1508,29131,6,186.54
1509,29133,6,70.74
1510,29135,8,137.25
1511,29137,12,317.33
1512,29139,7,141.82
1513,29141,12,217.16
1514,29143,9,198.58
1515,29145,11,197.86
1516,29147,15,360.86
1517,29149,10,313.21
1518,29151,9,247.69
1519,29153,11,286.78
1520,29155,5,70.58
1521,29157,13,245.13
1522,29159,7,224.26
1523,29161,11,263.34
1524,29163,18,295.63
1525,29165,6,203.35
1526,29167,10,216.14
1527,29169,7,266.88
1528,29171,9,223.94
1529,29173,9,177.06
1530,29175,11,187.06
1531,29177,9,236.86
1532,29179,14,294.62
1533,29181,10,174.89
1534,29183,10,240.09
1535,29185,10,284.81
1536,29186,10,149.17
1537,29187,10,167.81
1538,29189,7,168.82
1539,29195,11,250.81
1540,29197,9,158.56
1541,29199,14,211.29
1542,29201,9,156.01
1543,29203,8,329.93
1544,29205,9,218.0
1545,29207,7,189.33
1546,29209,7,226.34
1547,29211,10,322.51
1548,29213,6,233.73
1549,29215,20,403.7
1550,29217,12,292.84
1551,29219,13,145.81
1552,29221,8,157.53
1553,29223,8,206.39
1554,29225,13,203.13
1555,29227,5,114.46
1556,29229,10,195.36
1557,30001,145,2464.77
1558,30003,112,2244.35
1559,30005,66,1967.03
1560,30007,18,355.2
1561,30009,37,858.23
1562,30011,68,1574.01
1563,30013,34,901.57
1564,30015,55,1501.12
1565,30017,86,1987.59
1566,30019,16,438.73
1567,30021,51,1246.56
1568,30023,33,408.74
1569,30025,39,810.44
1570,30027,101,2261.33
1571,30029,100,2169.63
1572,30031,76,1125.19
1573,30033,65,1651.43
1574,30035,64,1359.32
1575,30037,21,531.6
1576,30039,38,627.04
1577,30041,35,1062.39
1578,30043,37,614.55
1579,30045,40,792.96
1580,30047,30,494.23
1581,30049,75,1444.77
1582,30051,27,673.69
1583,30053,84,1352.69
1584,30055,67,1347.85
1585,30057,102,1623.21
1586,30059,43,871.64
1587,30061,19,376.09
1588,30063,52,980.34
1589,30065,34,772.76
1590,30067,75,1171.23
1591,30069,32,749.68
1592,30071,59,2001.24
1593,30073,38,765.26
1594,30075,66,1557.58
1595,30077,60,1058.04
1596,30079,40,861.12
1597,30081,51,1028.63
1598,30083,42,971.66
1599,30085,36,940.9
1600,30087,90,2173.27
1601,30089,49,917.2
1602,30091,20,593.98
1603,30093,15,231.23
1604,30095,42,693.37
1605,30097,42,854.65
1606,30099,48,904.13
1607,30101,25,492.84
1608,30103,20,424.81
1609,30105,70,1784.34
1610,30107,33,772.21
1611,30109,26,390.77
1612,30111,52,1171.66
1613,31001,15,343.18
1614,31003,14,212.49
1615,31005,0,0.0
1616,31007,4,103.71
1617,31009,6,174.67
1618,31011,13,243.34
1619,31013,12,397.06
1620,31015,16,257.04
1621,31017,17,301.06
1622,31019,19,411.7
1623,31021,11,189.03
1624,31023,11,211.34
1625,31025,16,276.22
1626,31027,14,347.89
1627,31029,5,190.84
1628,31031,31,1484.63
1629,31033,4,245.83
1630,31035,13,222.79
1631,31037,10,196.03
1632,31039,16,271.48
1633,31041,24,798.14
1634,31043,6,111.29
1635,31045,32,684.93
1636,31047,11,410.53
1637,31049,2,48.25
1638,31051,12,205.26
1639,31053,11,276.02
1640,31055,7,128.58
1641,31057,13,212.13
1642,31059,11,223.06
1643,31061,14,254.43
1644,31063,12,338.72
1645,31065,9,309.67
1646,31067,21,410.33
1647,31069,4,148.2
1648,31071,11,300.95
1649,31073,7,158.56
1650,31075,3,19.73
1651,31077,20,295.77
1652,31079,12,224.62
1653,31081,9,256.66
1654,31083,15,323.07
1655,31085,5,204.76
1656,31087,12,256.44
1657,31089,31,860.06
1658,31091,5,131.12
1659,31093,19,322.51
1660,31095,10,194.18
1661,31097,10,159.09
1662,31099,6,170.52
1663,31101,5,174.95
1664,31103,24,349.89
1665,31105,1,70.36
1666,31107,21,327.44
1667,31109,21,361.86
1668,31111,17,349.38
1669,31113,7,119.23
1670,31119,10,188.78
1671,31121,11,337.86
1672,31123,11,322.31
1673,31125,14,257.46
1674,31127,6,111.27
1675,31129,17,290.93
1676,31131,9,210.26
1677,31133,13,206.29
1678,31135,4,106.6
1679,31137,5,65.74
1680,31139,7,183.16
1681,31141,12,306.37
1682,31143,7,210.33
1683,31145,13,295.69
1684,31147,12,198.75
1685,31149,16,204.0
1686,31151,14,327.92
1687,31153,10,104.74
1688,31155,16,377.07
1689,31157,8,184.44
1690,31159,15,244.21
1691,31161,18,443.69
1692,31163,16,292.23
1693,31165,30,568.17
1694,31167,12,177.36
1695,31169,9,257.96
1696,31171,4,115.77
1697,31173,12,204.76
1698,31175,20,361.63
1699,31177,9,144.24
1700,31179,12,222.62
1701,31181,22,343.53
1702,31183,8,104.43
1703,31185,7,196.53
1704,32001,19,497.65
1705,32003,23,563.45
1706,32005,9,140.63
1707,32007,202,4701.87
1708,32009,13,210.67
1709,32011,42,964.31
1710,32013,95,2439.74
1711,32015,31,964.48
1712,32017,33,1052.27
1713,32019,6,316.72
1714,32021,10,213.17
1715,32023,46,1728.49
1716,32027,24,725.53
1717,32029,2,51.78
1718,32031,37,787.52
1719,32033,40,961.56
1720,32510,2,35.32
1721,33001,18,144.55
1722,33003,35,423.2
1723,33005,28,327.27
1724,33007,43,678.46
1725,33009,58,759.79
1726,33011,39,522.25
1727,33013,39,491.03
1728,33015,30,254.22
1729,33017,16,236.46
1730,33019,31,313.16
1731,34001,13,180.88
1732,34003,8,115.33
1733,34005,27,298.98
1734,34007,5,57.5
1735,34009,6,116.96
1736,34011,9,143.18
1737,34013,3,49.18
1738,34015,8,93.09
1739,34017,2,23.19
1740,34019,13,156.21
1741,34021,10,120.11
1742,34023,12,137.38
1743,34025,15,178.69
1744,34027,17,224.28
1745,34029,27,320.02
1746,34031,11,103.68
1747,34033,8,114.03
1748,34035,16,161.58
1749,34037,15,189.09
1750,34039,5,47.14
1751,34041,7,175.71
1752,35001,9,254.33
1753,35003,45,1101.84
1754,35005,19,938.15
1755,35006,27,715.75
1756,35007,43,1324.44
1757,35009,2,29.31
1758,35011,15,456.21
1759,35013,5,176.94
1760,35015,14,666.67
1761,35017,32,839.4
1762,35019,23,596.71
1763,35021,13,159.93
1764,35023,13,267.74
1765,35025,0,0.0
1766,35027,20,675.6
1767,35028,3,25.78
1768,35029,3,133.82
1769,35031,51,1064.53
1770,35033,28,592.28
1771,35035,16,507.83
1772,35037,30,860.63
1773,35039,50,1603.16
1774,35041,2,48.69
1775,35043,49,980.38
1776,35045,55,1692.72
1777,35047,58,1775.12
1778,35049,24,546.0
1779,35051,31,889.3
1780,35053,30,831.88
1781,35055,27,682.94
1782,35057,9,231.53
1783,35059,28,1110.08
1784,35061,10,197.33
1785,36001,13,219.15
1786,36003,29,458.0
1787,36005,2,15.94
1788,36007,19,308.36
1789,36009,32,592.5
1790,36011,15,268.85
1791,36013,25,445.07
1792,36015,11,204.29
1793,36017,32,468.11
1794,36019,22,405.24
1795,36021,16,348.24
1796,36023,19,197.95
1797,36025,34,642.26
1798,36027,25,402.37
1799,36029,22,499.26
1800,36031,59,796.46
1801,36033,36,784.46
1802,36035,24,293.35
1803,36037,13,264.39
1804,36039,20,270.62
1805,36041,67,823.17
1806,36043,46,747.6
1807,36045,26,608.25
1808,36047,0,0.0
1809,36049,33,648.46
1810,36051,15,325.13
1811,36053,21,336.8
1812,36055,15,318.47
1813,36057,14,222.39
1814,36059,0,0.0
1815,36061,0,0.0
1816,36063,14,243.79
1817,36065,41,574.03
1818,36067,18,285.45
1819,36069,19,285.85
1820,36071,28,296.6
1821,36073,6,178.12
1822,36075,28,509.97
1823,36077,23,512.34
1824,36079,11,127.3
1825,36081,0,0.0
1826,36083,18,335.33
1827,36085,0,0.0
1828,36087,9,74.7
1829,36089,45,1556.19
1830,36091,27,463.72
1831,36093,5,76.47
1832,36095,17,241.9
1833,36097,12,129.15
1834,36099,5,132.84
1835,36101,26,428.76
1836,36103,5,67.09
1837,36105,39,485.82
1838,36107,13,229.98
1839,36109,14,161.02
1840,36111,24,474.45
1841,36113,27,375.72
1842,36115,25,384.51
1843,36117,15,296.33
1844,36119,19,185.22
1845,36121,22,274.42
1846,36123,8,121.11
1847,37001,11,191.28
1848,37003,12,152.49
1849,37005,10,107.4
1850,37007,12,228.05
1851,37009,12,266.4
1852,37011,10,117.36
1853,37013,16,116.89
1854,37015,12,316.97
1855,37017,11,333.05
1856,37019,17,255.98
1857,37021,13,269.89
1858,37023,14,311.21
1859,37025,10,215.04
1860,37027,15,272.34
1861,37029,7,82.56
1862,37031,7,109.3
1863,37033,12,195.52
1864,37035,12,190.75
1865,37037,11,250.8
1866,37039,7,188.76
1867,37041,2,9.93
1868,37043,10,118.44
1869,37045,15,248.36
1870,37047,15,284.12
1871,37049,17,211.87
1872,37051,10,210.13
1873,37053,6,63.64
1874,37055,2,34.37
1875,37057,12,263.42
1876,37059,6,160.59
1877,37061,12,273.27
1878,37063,15,162.1
1879,37065,12,257.52
1880,37067,18,234.58
1881,37069,14,228.07
1882,37071,13,195.39
1883,37073,7,74.77
1884,37075,5,133.77
1885,37077,21,288.89
1886,37079,7,105.07
1887,37081,13,253.73
1888,37083,8,288.54
1889,37085,10,227.69
1890,37087,14,256.75
1891,37089,16,224.88
1892,37091,10,192.54
1893,37093,12,119.63
1894,37095,5,62.88
1895,37097,17,266.7
1896,37099,11,249.52
1897,37101,12,392.03
1898,37103,8,169.75
1899,37105,5,77.75
1900,37107,9,175.33
1901,37109,13,191.84
1902,37111,13,201.77
1903,37113,9,187.79
1904,37115,9,222.63
1905,37117,11,111.52
1906,37119,17,235.1
1907,37121,6,98.82
1908,37123,15,212.59
1909,37125,17,372.94
1910,37127,11,258.32
1911,37129,3,83.17
1912,37131,8,240.5
1913,37133,13,199.05
1914,37135,12,164.2
1915,37137,6,60.58
1916,37139,5,49.48
1917,37141,15,338.56
1918,37143,3,55.5
1919,37145,14,196.41
1920,37147,16,274.45
1921,37149,7,132.99
1922,37151,18,395.89
1923,37153,15,200.15
1924,37155,17,410.61
1925,37157,17,313.78
1926,37159,18,271.52
1927,37161,16,300.73
1928,37163,13,357.29
1929,37165,11,178.53
1930,37167,8,177.27
1931,37169,12,240.18
1932,37171,13,261.67
1933,37173,14,286.66
1934,37175,12,220.66
1935,37177,7,58.12
1936,37179,12,262.11
1937,37181,13,105.29
1938,37183,15,277.86
1939,37185,10,174.41
1940,37187,5,32.88
1941,37189,14,149.39
1942,37191,13,230.93
1943,37193,20,419.1
1944,37195,10,159.79
1945,37197,14,190.98
1946,37199,11,171.21
1947,38001,14,465.53
1948,38003,5,173.71
1949,38005,2,84.08
1950,38007,29,584.82
1951,38009,11,351.23
1952,38011,24,600.45
1953,38013,7,162.84
1954,38015,12,399.6
1955,38017,10,608.91
1956,38019,7,174.91
1957,38021,10,304.48
1958,38023,1,8.47
1959,38025,25,799.77
1960,38027,3,125.26
1961,38029,15,452.14
1962,38031,7,151.63
1963,38033,21,412.99
1964,38035,18,517.94
1965,38037,23,819.35
1966,38039,2,135.89
1967,38041,15,465.36
1968,38043,0,0.0
1969,38045,7,343.75
1970,38047,2,39.52
1971,38049,11,532.79
1972,38051,1,38.82
1973,38053,50,1184.94
1974,38055,8,244.92
1975,38057,15,396.18
1976,38059,28,765.68
1977,38061,7,263.41
1978,38063,6,96.63
1979,38065,11,221.08
1980,38067,6,346.76
1981,38069,1,25.74
1982,38071,0,0.0
1983,38073,5,207.9
1984,38075,6,219.58
1985,38077,9,404.06
1986,38079,5,213.71
1987,38081,3,131.31
1988,38083,1,43.92
1989,38085,17,424.89
1990,38087,22,512.65
1991,38089,14,496.51
1992,38091,7,240.23
1993,38093,9,329.84
1994,38095,1,37.22
1995,38097,10,361.15
1996,38099,12,472.15
1997,38101,9,304.09
1998,38103,7,300.75
1999,38105,16,476.79
2000,39001,11,187.71
2001,39003,10,198.0
2002,39005,16,207.4
2003,39007,21,382.79
2004,39009,17,248.09
2005,39011,10,145.65
2006,39013,15,224.81
2007,39015,15,236.63
2008,39017,9,187.62
2009,39019,13,176.94
2010,39021,15,159.02
2011,39023,11,186.03
2012,39025,9,186.79
2013,39027,14,201.23
2014,39029,15,267.4
2015,39031,15,247.18
2016,39033,11,209.23
2017,39035,13,191.83
2018,39037,13,214.26
2019,39039,11,201.02
2020,39041,15,232.82
2021,39043,7,58.2
2022,39045,11,210.58
2023,39047,9,261.52
2024,39049,9,263.01
2025,39051,12,211.19
2026,39053,10,210.39
2027,39055,13,166.9
2028,39057,12,164.55
2029,39059,13,233.72
2030,39061,10,168.24
2031,39063,12,249.91
2032,39065,12,190.49
2033,39067,17,181.51
2034,39069,9,189.66
2035,39071,16,239.44
2036,39073,16,204.55
2037,39075,11,150.93
2038,39077,10,235.89
2039,39079,11,183.95
2040,39081,12,224.49
2041,39083,16,259.23
2042,39085,6,115.73
2043,39087,10,177.98
2044,39089,18,323.95
2045,39091,17,241.57
2046,39093,12,272.63
2047,39095,8,154.12
2048,39097,17,237.61
2049,39099,13,156.98
2050,39101,11,184.14
2051,39103,10,161.17
2052,39105,13,214.49
2053,39107,10,140.41
2054,39109,8,150.3
2055,39111,9,204.69
2056,39113,8,185.09
2057,39115,9,231.64
2058,39117,13,195.57
2059,39119,21,288.42
2060,39121,14,157.41
2061,39123,5,89.83
2062,39125,14,230.28
2063,39127,15,174.46
2064,39129,12,219.42
2065,39131,12,225.89
2066,39133,13,221.55
2067,39135,9,190.89
2068,39137,15,254.89
2069,39139,11,215.98
2070,39141,19,336.68
2071,39143,11,195.18
2072,39145,13,268.65
2073,39147,17,327.36
2074,39149,10,179.77
2075,39151,13,223.83
2076,39153,16,209.43
2077,39155,22,330.93
2078,39157,21,302.13
2079,39159,9,222.66
2080,39161,13,165.44
2081,39163,11,209.11
2082,39165,12,180.61
2083,39167,16,280.94
2084,39169,10,190.23
2085,39171,10,188.93
2086,39173,13,216.58
2087,39175,14,237.9
2088,40001,10,196.07
2089,40003,15,385.75
2090,40005,22,479.1
2091,40007,23,697.66
2092,40009,24,434.59
2093,40011,15,325.63
2094,40013,28,532.28
2095,40015,24,507.14
2096,40017,19,369.15
2097,40019,24,381.86
2098,40021,12,327.23
2099,40023,24,444.79
2100,40025,13,421.55
2101,40027,15,253.59
2102,40029,17,280.21
2103,40031,27,567.21
2104,40033,18,314.7
2105,40035,10,220.62
2106,40037,17,429.48
2107,40039,17,379.21
2108,40041,11,235.6
2109,40043,22,335.62
2110,40045,22,426.41
2111,40047,17,370.73
2112,40049,25,403.63
2113,40051,34,523.24
2114,40053,17,441.14
2115,40055,13,301.77
2116,40057,15,205.91
2117,40059,13,347.83
2118,40061,14,247.53
2119,40063,19,313.8
2120,40065,13,396.71
2121,40067,23,383.17
2122,40069,15,358.29
2123,40071,15,450.66
2124,40073,16,371.45
2125,40075,20,389.99
2126,40077,17,299.3
2127,40079,29,705.77
2128,40081,21,358.62
2129,40083,23,345.6
2130,40085,16,279.37
2131,40087,21,246.6
2132,40089,45,997.59
2133,40091,11,255.44
2134,40093,18,357.37
2135,40095,10,167.17
2136,40097,8,232.21
2137,40099,13,187.4
2138,40101,20,366.2
2139,40103,13,265.66
2140,40105,9,176.49
2141,40107,12,229.02
2142,40109,16,239.27
2143,40111,17,264.53
2144,40113,32,921.4
2145,40115,8,187.79
2146,40117,10,230.6
2147,40119,20,323.3
2148,40121,23,588.79
2149,40123,17,359.44
2150,40125,18,306.12
2151,40127,30,737.91
2152,40129,27,522.78
2153,40131,9,237.6
2154,40133,17,289.87
2155,40135,12,325.11
2156,40137,25,421.86
2157,40139,14,544.51
2158,40141,16,431.0
2159,40143,14,206.27
2160,40145,7,196.84
2161,40147,7,178.85
2162,40149,19,415.11
2163,40151,21,529.52
2164,40153,26,528.8
2165,41001,54,1090.92
2166,41003,22,340.96
2167,41005,34,832.88
2168,41007,17,273.42
2169,41009,14,287.22
2170,41011,58,946.34
2171,41013,38,855.05
2172,41015,48,736.65
2173,41017,16,478.23
2174,41019,126,2378.98
2175,41021,16,392.76
2176,41023,72,1572.43
2177,41025,93,1974.02
2178,41027,25,245.93
2179,41029,66,1100.27
2180,41031,23,569.74
2181,41033,40,642.21
2182,41035,62,1242.36
2183,41037,72,1541.81
2184,41039,88,1926.99
2185,41041,18,426.41
2186,41043,32,906.48
2187,41045,88,2672.84
2188,41047,25,505.96
2189,41049,14,427.27
2190,41051,8,169.67
2191,41053,17,295.42
2192,41055,6,211.66
2193,41057,31,463.71
2194,41059,37,850.12
2195,41061,32,699.27
2196,41063,51,1256.4
2197,41065,27,853.97
2198,41067,21,354.72
2199,41069,27,441.4
2200,41071,17,305.51
2201,42001,8,133.4
2202,42003,17,285.67
2203,42005,18,368.63
2204,42007,17,232.96
2205,42009,24,485.11
2206,42011,26,413.09
2207,42013,12,205.92
2208,42015,29,490.6
2209,42017,19,288.42
2210,42019,19,331.61
2211,42021,20,297.07
2212,42023,14,185.69
2213,42025,15,182.49
2214,42027,30,463.59
2215,42029,20,307.47
2216,42031,15,295.4
2217,42033,25,567.68
2218,42035,22,369.93
2219,42037,13,243.69
2220,42039,20,391.41
2221,42041,5,233.15
2222,42043,17,354.05
2223,42045,2,29.42
2224,42047,28,380.98
2225,42049,19,314.07
2226,42051,19,306.89
2227,42053,13,180.85
2228,42055,17,373.64
2229,42057,10,229.7
2230,42059,18,287.5
2231,42061,22,440.62
2232,42063,20,353.4
2233,42065,13,285.54
2234,42067,7,161.26
2235,42069,13,187.09
2236,42071,28,589.92
2237,42073,13,169.02
2238,42075,16,173.19
2239,42077,12,161.24
2240,42079,25,356.75
2241,42081,25,503.5
2242,42083,26,378.49
2243,42085,11,255.79
2244,42087,10,151.43
2245,42089,32,343.37
2246,42091,12,200.54
2247,42093,7,49.7
2248,42095,12,191.3
2249,42097,16,257.52
2250,42099,9,230.29
2251,42101,3,51.96
2252,42103,29,315.04
2253,42105,32,422.06
2254,42107,15,338.73
2255,42109,8,129.07
2256,42111,24,450.32
2257,42113,17,192.71
2258,42115,33,404.55
2259,42117,23,384.54
2260,42119,6,118.04
2261,42121,14,286.67
2262,42123,15,339.27
2263,42125,27,445.36
2264,42127,29,313.95
2265,42129,24,407.96
2266,42131,15,226.08
2267,42133,13,210.28
2268,44001,1,0.38
2269,44003,11,62.72
2270,44005,1,4.12
2271,44007,20,135.38
2272,44009,17,182.1
2273,45001,18,310.18
2274,45003,18,391.85
2275,45005,7,125.68
2276,45007,18,379.57
2277,45009,7,126.43
2278,45011,14,190.46
2279,45013,6,136.39
2280,45015,16,323.57
2281,45017,12,184.29
2282,45019,11,221.78
2283,45021,8,195.84
2284,45023,11,239.36
2285,45025,9,210.88
2286,45027,5,153.1
2287,45029,18,362.36
2288,45031,8,196.47
2289,45033,7,133.58
2290,45035,7,206.85
2291,45037,17,278.41
2292,45039,16,188.31
2293,45041,13,327.53
2294,45043,16,327.87
2295,45045,20,419.6
2296,45047,12,196.2
2297,45049,9,141.3
2298,45051,12,315.69
2299,45053,6,152.28
2300,45055,12,226.61
2301,45057,15,210.81
2302,45059,14,310.83
2303,45061,6,135.0
2304,45063,12,233.98
2305,45065,11,180.17
2306,45067,11,191.39
2307,45069,7,102.6
2308,45071,11,281.86
2309,45073,20,337.98
2310,45075,20,398.94
2311,45077,14,206.93
2312,45079,25,437.33
2313,45081,11,180.18
2314,45083,15,421.94
2315,45085,17,245.0
2316,45087,9,187.86
2317,45089,9,221.25
2318,45091,17,316.79
2319,46003,5,126.76
2320,46005,8,358.03
2321,46007,19,393.1
2322,46009,9,203.95
2323,46011,9,237.67
2324,46013,15,583.94
2325,46015,4,104.11
2326,46017,8,229.74
2327,46019,42,1262.68
2328,46021,3,79.72
2329,46023,12,317.64
2330,46025,4,58.78
2331,46027,7,169.34
2332,46029,5,125.0
2333,46031,32,1017.42
2334,46033,28,665.71
2335,46035,8,182.99
2336,46037,2,63.22
2337,46039,11,173.27
2338,46041,28,879.01
2339,46043,5,71.26
2340,46045,2,66.28
2341,46047,49,904.37
2342,46049,6,222.96
2343,46051,9,176.03
2344,46053,21,447.57
2345,46055,36,961.77
2346,46057,4,114.28
2347,46059,18,568.17
2348,46061,10,210.75
2349,46063,45,1096.66
2350,46065,11,292.61
2351,46067,14,380.1
2352,46069,9,176.52
2353,46071,35,869.68
2354,46073,7,151.28
2355,46075,26,503.37
2356,46077,4,103.57
2357,46079,6,89.01
2358,46081,24,377.69
2359,46083,12,223.48
2360,46085,25,676.06
2361,46087,6,160.25
2362,46089,5,138.41
2363,46091,5,110.01
2364,46093,64,1858.62
2365,46095,29,655.12
2366,46097,7,189.87
2367,46099,13,332.03
2368,46101,10,228.63
2369,46103,47,1107.87
2370,46105,37,1250.05
2371,46107,4,161.83
2372,46109,10,228.59
2373,46111,6,187.35
2374,46113,45,868.42
2375,46115,10,482.62
2376,46117,28,687.41
2377,46119,6,224.77
2378,46121,29,558.38
2379,46123,26,711.07
2380,46125,11,267.53
2381,46127,12,187.12
2382,46129,6,122.75
2383,46135,9,236.6
2384,46137,40,1053.26
2385,47001,8,198.77
2386,47003,13,237.17
2387,47005,9,182.54
2388,47007,13,158.59
2389,47009,18,282.84
2390,47011,9,166.53
2391,47013,17,266.09
2392,47015,12,74.84
2393,47017,15,207.33
2394,47019,8,179.89
2395,47021,12,211.73
2396,47023,12,86.35
2397,47025,12,299.42
2398,47027,13,161.13
2399,47029,12,224.16
2400,47031,12,169.0
2401,47033,3,53.17
2402,47035,18,305.07
2403,47037,15,216.47
2404,47039,8,127.86
2405,47041,7,201.2
2406,47043,14,218.0
2407,47045,11,232.96
2408,47047,12,236.37
2409,47049,21,253.96
2410,47051,12,206.21
2411,47053,10,166.31
2412,47055,16,255.15
2413,47057,7,138.37
2414,47059,14,329.81
2415,47061,8,126.89
2416,47063,6,44.94
2417,47065,15,268.95
2418,47067,8,166.42
2419,47069,14,282.0
2420,47071,12,270.76
2421,47073,14,246.01
2422,47075,10,247.65
2423,47077,16,213.37
2424,47079,17,248.33
2425,47081,9,261.63
2426,47083,7,64.98
2427,47085,11,248.77
2428,47087,12,174.31
2429,47089,8,127.17
2430,47091,10,157.83
2431,47093,14,291.26
2432,47095,3,42.69
2433,47097,10,177.29
2434,47099,17,301.55
2435,47101,8,104.5
2436,47103,16,272.71
2437,47105,9,134.37
2438,47107,11,267.64
2439,47109,11,166.73
2440,47111,9,78.04
2441,47113,12,150.41
2442,47115,8,200.92
2443,47117,13,163.55
2444,47119,10,274.01
2445,47121,5,115.28
2446,47123,13,283.25
2447,47125,18,296.8
2448,47127,5,45.98
2449,47129,24,312.5
2450,47131,16,203.3
2451,47133,13,191.12
2452,47135,6,156.22
2453,47137,6,88.79
2454,47139,9,173.05
2455,47141,15,140.33
2456,47143,8,142.1
2457,47145,8,158.35
2458,47147,12,233.69
2459,47149,12,274.95
2460,47151,17,248.91
2461,47153,6,103.6
2462,47155,16,302.16
2463,47157,11,278.92
2464,47159,9,170.02
2465,47161,13,173.9
2466,47163,13,221.64
2467,47165,15,220.31
2468,47167,6,119.76
2469,47169,3,51.75
2470,47171,5,76.17
2471,47173,4,110.01
2472,47175,7,111.91
2473,47177,13,243.05
2474,47179,10,139.82
2475,47181,18,335.2
2476,47183,13,206.73
2477,47185,7,161.18
2478,47187,17,198.27
2479,47189,11,252.01
2480,48001,29,570.42
2481,48003,0,0.0
2482,48005,24,397.67
2483,48007,4,29.28
2484,48009,19,396.87
2485,48011,8,229.36
2486,48013,23,579.73
2487,48015,11,253.87
2488,48017,0,0.0
2489,48019,15,295.48
2490,48021,20,442.91
2491,48023,17,304.89
2492,48025,20,472.72
2493,48027,24,570.14
2494,48029,29,682.25
2495,48031,18,298.02
2496,48035,24,500.61
2497,48037,19,473.21
2498,48039,16,676.86
2499,48041,12,295.48
2500,48043,33,1213.84
2501,48045,16,298.4
2502,48047,7,183.55
2503,48049,15,317.5
2504,48051,9,281.73
2505,48053,18,392.08
2506,48055,13,281.17
2507,48057,11,122.85
2508,48059,25,377.86
2509,48061,4,199.89
2510,48063,6,77.07
2511,48065,11,199.78
2512,48067,20,375.04
2513,48069,0,0.0
2514,48071,10,205.05
2515,48073,28,497.12
2516,48075,13,266.98
2517,48077,21,483.72
2518,48079,0,0.0
2519,48081,9,194.49
2520,48083,21,626.71
2521,48085,19,378.9
2522,48087,10,213.6
2523,48089,23,495.54
2524,48091,11,249.68
2525,48093,17,426.69
2526,48095,18,425.95
2527,48097,26,429.31
2528,48099,16,381.45
2529,48101,14,299.37
2530,48103,1,53.67
2531,48105,6,246.49
2532,48107,8,170.9
2533,48109,5,217.05
2534,48111,7,243.59
2535,48113,20,373.19
2536,48115,2,62.9
2537,48117,4,174.18
2538,48119,12,155.6
2539,48121,17,401.69
2540,48123,21,449.46
2541,48125,12,269.47
2542,48127,17,350.04
2543,48129,14,276.71
2544,48131,29,631.53
2545,48133,23,389.18
2546,48135,0,0.0
2547,48137,21,513.7
2548,48139,23,474.59
2549,48141,1,53.77
2550,48143,32,480.42
2551,48145,19,356.36
2552,48147,30,370.84
2553,48149,17,378.57
2554,48151,12,299.03
2555,48153,5,101.93
2556,48155,16,382.08
2557,48157,20,560.93
2558,48159,12,130.92
2559,48161,17,322.8
2560,48163,26,376.03
2561,48165,0,0.0
2562,48167,6,122.6
2563,48169,7,237.94
2564,48171,19,317.89
2565,48173,4,81.39
2566,48175,13,382.43
2567,48177,24,545.83
2568,48179,7,197.96
2569,48181,32,432.02
2570,48183,9,129.76
2571,48185,24,294.37
2572,48187,15,343.57
2573,48189,0,0.0
2574,48191,18,289.62
2575,48193,11,270.93
2576,48195,6,225.72
2577,48197,15,235.25
2578,48199,20,465.37
2579,48201,28,805.38
2580,48203,21,375.9
2581,48205,12,263.97
2582,48207,11,237.94
2583,48209,18,292.72
2584,48211,10,257.7
2585,48213,20,408.04
2586,48215,4,93.01
2587,48217,23,413.12
2588,48219,0,0.0
2589,48221,11,195.26
2590,48223,23,290.94
2591,48225,26,553.11
2592,48227,10,162.88
2593,48229,4,241.94
2594,48231,23,404.36
2595,48233,16,316.36
2596,48235,3,113.1
2597,48237,21,398.63
2598,48239,19,433.02
2599,48241,24,532.02
2600,48243,11,211.31
2601,48245,14,340.14
2602,48247,11,142.82
2603,48249,27,457.26
2604,48251,22,341.79
2605,48253,18,413.62
2606,48255,21,330.46
2607,48257,19,337.1
2608,48259,19,279.49
2609,48261,2,30.3
2610,48263,9,303.55
2611,48265,14,302.92
2612,48267,17,408.56
2613,48269,19,457.76
2614,48271,22,689.82
2615,48273,10,241.9
2616,48275,11,314.86
2617,48277,34,461.13
2618,48279,0,0.0
2619,48281,11,245.41
2620,48283,21,487.29
2621,48285,19,460.91
2622,48287,19,289.01
2623,48289,23,488.34
2624,48291,16,369.27
2625,48293,19,354.07
2626,48295,21,381.77
2627,48297,17,423.38
2628,48299,21,395.84
2629,48303,1,39.19
2630,48305,1,7.6
2631,48307,23,426.56
2632,48309,25,512.41
2633,48311,24,450.97
2634,48313,15,252.0
2635,48315,10,200.9
2636,48317,1,15.28
2637,48319,16,289.64
2638,48321,18,630.56
2639,48323,15,362.92
2640,48325,22,667.44
2641,48327,16,256.96
2642,48329,0,0.0
2643,48331,29,538.77
2644,48333,15,285.91
2645,48335,16,438.85
2646,48337,27,479.89
2647,48339,20,518.37
2648,48341,10,203.16
2649,48343,8,104.4
2650,48345,18,423.32
2651,48347,27,548.77
2652,48349,24,515.71
2653,48351,24,507.85
2654,48353,16,245.61
2655,48355,10,225.98
2656,48357,12,127.19
2657,48359,22,528.19
2658,48361,9,196.54
2659,48363,23,491.5
2660,48365,11,365.38
2661,48367,22,444.89
2662,48369,1,2.14
2663,48371,9,418.18
2664,48373,28,530.81
2665,48375,11,297.39
2666,48377,20,833.78
2667,48379,11,145.25
2668,48381,4,126.32
2669,48383,2,15.74
2670,48385,9,212.89
2671,48387,35,602.01
2672,48389,6,394.75
2673,48391,15,333.26
2674,48393,15,342.15
2675,48395,19,364.98
2676,48397,5,39.93
2677,48399,19,457.39
2678,48401,30,415.19
2679,48403,12,259.8
2680,48405,23,325.37
2681,48407,11,293.07
2682,48409,5,158.56
2683,48411,17,490.12
2684,48413,9,215.63
2685,48415,17,478.55
2686,48417,21,426.67
2687,48419,27,395.22
2688,48421,4,190.31
2689,48423,20,327.45
2690,48425,7,90.85
2691,48427,6,181.4
2692,48429,22,420.1
2693,48431,11,228.51
2694,48433,13,328.2
2695,48435,7,228.18
2696,48437,2,35.18
2697,48439,22,445.37
2698,48441,18,369.06
2699,48443,13,357.27
2700,48445,0,0.0
2701,48447,15,391.07
2702,48449,14,206.23
2703,48451,16,440.13
2704,48453,17,504.54
2705,48455,16,342.14
2706,48457,19,517.26
2707,48459,15,247.26
2708,48461,2,40.17
2709,48463,20,708.09
2710,48465,18,841.69
2711,48467,20,367.58
2712,48469,15,484.62
2713,48471,23,373.2
2714,48473,18,287.78
2715,48475,2,99.37
2716,48477,16,257.17
2717,48479,43,1032.93
2718,48481,25,662.21
2719,48483,8,224.26
2720,48485,16,366.54
2721,48487,17,412.57
2722,48489,2,15.32
2723,48491,21,556.8
2724,48493,18,337.98
2725,48495,0,0.0
2726,48497,23,426.41
2727,48499,13,253.57
2728,48501,0,0.0
2729,48503,18,412.43
2730,48505,15,324.04
2731,48507,21,516.64
2732,49001,15,327.03
2733,49003,29,723.88
2734,49005,17,411.66
2735,49007,29,629.56
2736,49009,13,260.8
2737,49011,2,13.91
2738,49013,34,906.84
2739,49015,23,912.74
2740,49017,79,1674.83
2741,49019,25,713.66
2742,49021,21,253.07
2743,49023,19,407.46
2744,49025,36,963.81
2745,49027,22,678.44
2746,49029,8,191.44
2747,49031,16,260.62
2748,49033,13,263.79
2749,49035,7,218.96
2750,49037,43,1673.06
2751,49039,26,404.93
2752,49041,39,608.42
2753,49043,35,701.99
2754,49045,17,336.93
2755,49047,26,1147.07
2756,49049,27,439.17
2757,49051,16,389.85
2758,49053,28,521.07
2759,49055,23,585.59
2760,49057,8,189.45
2761,50001,27,355.95
2762,50003,33,320.03
2763,50005,20,225.55
2764,50007,8,178.77
2765,50009,19,237.94
2766,50011,12,209.15
2767,50013,0,0.0
2768,50015,15,192.65
2769,50017,14,238.46
2770,50019,15,154.47
2771,50021,35,434.82
2772,50023,11,228.23
2773,50025,34,458.09
2774,50027,31,420.99
2775,51001,5,41.65
2776,51003,14,186.48
2777,51005,9,214.79
2778,51007,9,194.54
2779,51009,8,198.85
2780,51011,12,151.14
2781,51013,1,0.63
2782,51015,9,358.76
2783,51017,10,232.53
2784,51019,18,333.81
2785,51021,10,231.65
2786,51023,12,242.41
2787,51025,10,222.02
2788,51027,12,196.4
2789,51029,17,276.63
2790,51031,14,251.0
2791,51033,21,268.0
2792,51035,11,273.6
2793,51036,7,103.46
2794,51037,12,220.91
2795,51041,12,170.99
2796,51043,5,75.55
2797,51045,5,175.66
2798,51047,11,224.28
2799,51049,9,106.45
2800,51051,11,179.85
2801,51053,14,236.35
2802,51057,13,111.26
2803,51059,13,172.82
2804,51061,20,296.89
2805,51063,10,211.0
2806,51065,4,112.71
2807,51067,15,444.31
2808,51069,13,216.52
2809,51071,13,237.56
2810,51073,8,54.14
2811,51075,9,124.47
2812,51077,14,207.65
2813,51079,4,36.45
2814,51081,6,169.7
2815,51083,20,442.24
2816,51085,8,243.09
2817,51087,9,121.65
2818,51089,13,209.34
2819,51091,9,170.39
2820,51093,13,133.61
2821,51095,8,54.97
2822,51097,16,181.88
2823,51099,7,76.76
2824,51101,15,181.8
2825,51103,6,36.77
2826,51105,9,251.48
2827,51107,16,233.23
2828,51109,11,197.73
2829,51111,11,199.92
2830,51113,5,113.83
2831,51115,1,7.65
2832,51117,15,298.51
2833,51119,5,45.64
2834,51121,16,242.37
2835,51125,9,164.95
2836,51127,10,100.85
2837,51131,1,0.1
2838,51133,4,38.31
2839,51135,13,150.87
2840,51137,10,122.19
2841,51139,3,103.15
2842,51141,13,268.86
2843,51143,28,553.15
2844,51145,12,122.49
2845,51147,7,139.08
2846,51149,8,88.09
2847,51153,11,196.02
2848,51155,9,210.23
2849,51157,9,119.68
2850,51159,5,73.36
2851,51161,8,157.49
2852,51163,13,269.06
2853,51165,15,282.48
2854,51167,14,254.62
2855,51169,14,355.87
2856,51171,4,216.61
2857,51173,10,181.32
2858,51175,13,246.8
2859,51177,9,186.66
2860,51179,7,127.31
2861,51181,8,112.4
2862,51183,15,232.72
2863,51185,19,315.01
2864,51187,7,94.89
2865,51191,15,260.32
2866,51193,6,33.74
2867,51195,23,271.34
2868,51197,8,200.3
2869,51199,9,78.03
2870,51710,7,110.73
2871,51800,6,83.02
2872,51810,5,67.08
2873,53001,8,125.64
2874,53003,13,262.55
2875,53005,10,406.69
2876,53007,44,924.64
2877,53009,51,805.95
2878,53011,12,267.54
2879,53013,17,273.53
2880,53015,18,424.16
2881,53017,16,371.61
2882,53019,46,711.84
2883,53021,4,161.87
2884,53023,12,274.04
2885,53025,19,407.87
2886,53027,64,1169.48
2887,53029,0,0.0
2888,53031,41,806.46
2889,53033,46,871.08
2890,53035,8,45.78
2891,53037,41,901.06
2892,53039,27,579.65
2893,53041,59,1046.64
2894,53043,25,682.83
2895,53045,28,432.45
2896,53047,85,1746.64
2897,53049,30,426.92
2898,53051,29,459.75
2899,53053,37,700.98
2900,53055,0,0.0
2901,53057,39,707.1
2902,53059,36,586.48
2903,53061,50,930.72
2904,53063,28,594.63
2905,53065,52,844.12
2906,53067,15,275.71
2907,53069,8,69.8
2908,53071,11,376.55
2909,53073,65,907.79
2910,53075,23,867.98
2911,53077,52,1366.75
2912,54001,9,181.48
2913,54003,6,137.32
2914,54005,8,218.35
2915,54007,15,275.68
2916,54009,6,78.75
2917,54011,7,136.56
2918,54013,7,150.34
2919,54015,9,152.74
2920,54017,7,127.78
2921,54019,16,234.93
2922,54021,10,182.04
2923,54023,16,251.11
2924,54025,22,480.05
2925,54027,11,334.98
2926,54029,9,72.22
2927,54031,10,191.55
2928,54033,7,180.04
2929,54035,15,200.06
2930,54037,6,81.79
2931,54039,16,366.95
2932,54041,12,178.98
2933,54043,9,189.62
2934,54045,8,177.31
2935,54047,6,220.79
2936,54049,10,131.7
2937,54051,12,194.07
2938,54053,13,221.73
2939,54055,9,198.79
2940,54057,12,164.68
2941,54059,10,189.0
2942,54061,6,124.56
2943,54063,15,177.03
2944,54065,6,130.8
2945,54067,17,311.76
2946,54069,4,70.28
2947,54071,8,240.59
2948,54073,3,73.17
2949,54075,16,340.85
2950,54077,16,246.75
2951,54079,7,157.89
2952,54081,19,296.93
2953,54083,18,478.63
2954,54085,7,223.58
2955,54087,13,190.43
2956,54089,10,160.41
2957,54091,5,67.01
2958,54093,14,231.71
2959,54095,5,111.11
2960,54097,12,185.54
2961,54099,11,256.52
2962,54101,12,270.59
2963,54103,7,165.94
2964,54105,12,168.29
2965,54107,12,186.88
2966,54109,12,306.48
2967,55001,12,259.3
2968,55003,27,506.21
2969,55005,21,389.78
2970,55007,45,587.97
2971,55009,9,159.88
2972,55011,19,310.01
2973,55013,19,366.25
2974,55015,8,104.76
2975,55017,25,496.22
2976,55019,24,518.64
2977,55021,15,359.31
2978,55023,9,156.15
2979,55025,16,406.85
2980,55027,10,239.67
2981,55029,7,66.71
2982,55031,30,619.1
2983,55033,34,459.31
2984,55035,21,310.21
2985,55037,16,247.33
2986,55039,17,299.87
2987,55041,21,327.3
2988,55043,17,504.75
2989,55045,15,248.86
2990,55047,8,159.12
2991,55049,22,333.95
2992,55051,27,348.61
2993,55053,27,403.56
2994,55055,12,276.5
2995,55057,14,265.96
2996,55059,4,76.34
2997,55061,8,113.15
2998,55063,11,174.93
2999,55065,14,315.15
3000,55067,23,356.64
3001,55069,15,348.49
3002,55071,11,207.68
3003,55073,25,689.19
3004,55075,26,618.55
3005,55077,12,217.66
3006,55079,6,107.56
3007,55081,27,285.78
3008,55083,22,493.87
3009,55085,24,401.71
3010,55087,9,227.02
3011,55089,6,113.45
3012,55091,15,145.73
3013,55093,13,212.54
3014,55095,19,326.66
3015,55097,16,210.63
3016,55099,31,542.4
3017,55101,9,108.98
3018,55103,8,233.06
3019,55105,11,219.46
3020,55107,24,504.79
3021,55109,14,297.03
3022,55111,16,340.24
3023,55113,23,483.44
3024,55115,26,636.17
3025,55117,8,251.95
3026,55119,34,465.89
3027,55121,20,336.69
3028,55123,19,317.44
3029,55125,26,174.32
3030,55127,9,147.06
3031,55129,17,279.85
3032,55131,14,184.3
3033,55133,11,213.21
3034,55135,17,368.68
3035,55137,11,122.85
3036,55139,4,173.25
3037,55141,14,277.99
3038,56001,63,1358.28
3039,56003,51,1224.78
3040,56005,89,2095.82
3041,56007,105,2853.06
3042,56009,87,2105.58
3043,56011,73,1582.39
3044,56013,117,3505.9
3045,56015,19,539.59
3046,56017,43,898.19
3047,56019,82,2002.96
3048,56021,26,812.77
3049,56023,52,1376.58
3050,56025,78,2013.8
3051,56027,52,1217.33
3052,56029,155,2974.82
3053,56031,35,854.98
3054,56033,78,1268.57
3055,56035,65,1913.71
3056,56037,49,1831.41
3057,56039,101,1758.46
3058,56041,33,870.69
3059,56043,54,1089.33
3060,56045,57,1446.49
