,fips,number_rivers_and_streams
0,1001,9
1,1003,32
2,1005,17
3,1007,16
4,1009,15
5,1011,16
6,1013,8
7,1015,9
8,1017,15
9,1019,13
10,1021,18
11,1023,17
12,1025,23
13,1027,12
14,1029,11
15,1031,10
16,1033,9
17,1035,11
18,1037,9
19,1039,11
20,1041,9
21,1043,18
22,1045,11
23,1047,22
24,1049,15
25,1051,18
26,1053,21
27,1055,8
28,1057,14
29,1059,6
30,1061,14
31,1063,6
32,1065,10
33,1067,8
34,1069,9
35,1071,20
36,1073,12
37,1075,11
38,1077,10
39,1079,17
40,1081,13
41,1083,8
42,1085,12
43,1087,13
44,1089,13
45,1091,16
46,1093,18
47,1095,19
48,1097,20
49,1099,16
50,1101,18
51,1103,10
52,1105,18
53,1107,12
54,1109,13
55,1111,14
56,1113,13
57,1115,10
58,1117,11
59,1119,17
60,1121,10
61,1123,10
62,1125,15
63,1127,8
64,1129,19
65,1131,20
66,1133,12
67,4001,79
68,4003,18
69,4005,84
70,4007,72
71,4009,47
72,4011,25
73,4012,19
74,4013,57
75,4015,61
76,4017,58
77,4019,64
78,4021,34
79,4023,7
80,4025,90
81,4027,25
82,5001,10
83,5003,19
84,5005,7
85,5007,11
86,5009,8
87,5011,12
88,5013,9
89,5015,9
90,5017,9
91,5019,16
92,5021,13
93,5023,16
94,5025,11
95,5027,15
96,5029,12
97,5031,7
98,5033,13
99,5035,2
100,5037,7
101,5039,12
102,5041,12
103,5043,16
104,5045,22
105,5047,13
106,5049,14
107,5051,16
108,5053,12
109,5055,9
110,5057,20
111,5059,13
112,5061,21
113,5063,19
114,5065,9
115,5067,18
116,5069,19
117,5071,13
118,5073,9
119,5075,17
120,5077,11
121,5079,8
122,5081,17
123,5083,11
124,5085,12
125,5087,11
126,5089,8
127,5091,13
128,5093,7
129,5095,15
130,5097,21
131,5099,15
132,5101,21
133,5103,15
134,5105,16
135,5107,12
136,5109,12
137,5111,9
138,5113,30
139,5115,16
140,5117,15
141,5119,21
142,5121,12
143,5123,9
144,5125,19
145,5127,15
146,5129,10
147,5131,14
148,5133,16
149,5135,12
150,5137,16
151,5139,19
152,5141,15
153,5143,20
154,5145,23
155,5147,15
156,5149,13
157,6001,18
158,6003,13
159,6005,19
160,6007,31
161,6009,25
162,6011,24
163,6013,10
164,6015,24
165,6017,35
166,6019,49
167,6021,26
168,6023,40
169,6025,27
170,6027,38
171,6029,21
172,6031,5
173,6033,12
174,6035,37
175,6037,24
176,6039,26
177,6041,10
178,6043,22
179,6045,50
180,6047,22
181,6049,50
182,6051,41
183,6053,42
184,6055,18
185,6057,24
186,6059,12
187,6061,20
188,6063,46
189,6065,35
190,6067,19
191,6069,30
192,6071,42
193,6073,41
194,6075,0
195,6077,14
196,6079,44
197,6081,10
198,6083,20
199,6085,34
200,6087,14
201,6089,61
202,6091,15
203,6093,48
204,6095,14
205,6097,21
206,6099,19
207,6101,9
208,6103,53
209,6105,44
210,6107,48
211,6109,42
212,6111,20
213,6113,11
214,6115,13
215,8003,5
216,8005,20
217,8007,23
218,8009,18
219,8011,13
220,8015,15
221,8017,16
222,8019,11
223,8021,16
224,8023,18
225,8025,4
226,8027,17
227,8029,32
228,8031,74
229,8033,14
230,8035,17
231,8037,20
232,8039,30
233,8041,29
234,8043,19
235,8045,66
236,8047,5
237,8049,31
238,8051,54
239,8053,22
240,8055,20
241,8057,35
242,8061,7
243,8063,16
244,8065,8
245,8067,16
246,8069,48
247,8071,44
248,8073,25
249,8075,16
250,8077,38
251,8079,18
252,8081,46
253,8083,26
254,8085,32
255,8087,11
256,8089,12
257,8091,12
258,8093,28
259,8095,5
260,8097,14
261,8099,11
262,8101,29
263,8103,65
264,8105,13
265,8107,56
266,8109,42
267,8111,5
268,8113,21
269,8115,4
270,8117,6
271,8119,16
272,8121,17
273,8125,10
274,9001,20
275,9003,37
276,9005,34
277,9007,21
278,9009,20
279,9011,38
280,9013,24
281,9015,22
282,10001,28
283,10003,13
284,10005,31
285,11001,3
286,12001,6
287,12003,9
288,12005,19
289,12007,3
290,12009,7
291,12011,6
292,12013,14
293,12015,14
294,12017,5
295,12019,14
296,12021,7
297,12023,7
298,12027,11
299,12029,6
300,12031,9
301,12033,17
302,12035,8
303,12037,10
304,12039,15
305,12041,2
306,12043,14
307,12045,15
308,12047,7
309,12049,14
310,12051,9
311,12053,3
312,12055,17
313,12057,32
314,12059,8
315,12061,3
316,12063,14
317,12065,7
318,12067,6
319,12069,10
320,12071,10
321,12073,4
322,12075,9
323,12077,17
324,12079,5
325,12081,25
326,12083,8
327,12085,5
328,12086,8
329,12087,19
330,12089,8
331,12091,15
332,12093,10
333,12095,10
334,12097,19
335,12099,12
336,12101,7
337,12103,2
338,12105,32
339,12107,9
340,12109,13
341,12111,6
342,12113,18
343,12115,12
344,12117,5
345,12119,7
346,12121,6
347,12123,7
348,12125,6
349,12127,8
350,12129,6
351,12131,27
352,12133,10
353,13001,11
354,13003,8
355,13005,3
356,13007,7
357,13009,3
358,13011,6
359,13013,5
360,13015,15
361,13017,7
362,13019,8
363,13021,5
364,13023,5
365,13025,4
366,13027,5
367,13029,11
368,13031,8
369,13033,9
370,13035,6
371,13037,6
372,13039,9
373,13043,4
374,13045,11
375,13047,6
376,13049,11
377,13051,8
378,13053,7
379,13055,9
380,13057,10
381,13059,4
382,13061,7
383,13063,3
384,13065,6
385,13067,4
386,13069,11
387,13071,7
388,13073,5
389,13075,5
390,13077,13
391,13079,6
392,13081,6
393,13083,3
394,13085,4
395,13087,7
396,13089,6
397,13091,9
398,13093,10
399,13095,6
400,13097,7
401,13099,9
402,13101,5
403,13103,8
404,13105,11
405,13107,10
406,13109,3
407,13111,11
408,13113,4
409,13115,12
410,13117,7
411,13119,11
412,13121,15
413,13123,8
414,13125,5
415,13127,7
416,13129,11
417,13131,8
418,13133,9
419,13135,12
420,13137,11
421,13139,15
422,13141,9
423,13143,5
424,13145,10
425,13147,11
426,13149,4
427,13151,9
428,13153,7
429,13155,10
430,13157,8
431,13159,7
432,13161,10
433,13163,6
434,13165,6
435,13167,6
436,13169,10
437,13171,10
438,13173,5
439,13175,13
440,13177,7
441,13179,10
442,13181,4
443,13183,6
444,13185,7
445,13187,7
446,13189,9
447,13191,13
448,13193,8
449,13195,11
450,13197,6
451,13199,17
452,13201,7
453,13205,6
454,13207,11
455,13209,8
456,13211,10
457,13213,8
458,13215,7
459,13217,11
460,13219,5
461,13221,11
462,13223,6
463,13225,5
464,13227,6
465,13229,10
466,13231,4
467,13233,7
468,13235,7
469,13237,7
470,13239,4
471,13241,8
472,13243,11
473,13245,10
474,13247,5
475,13249,4
476,13251,7
477,13253,4
478,13255,8
479,13257,5
480,13259,9
481,13261,10
482,13263,11
483,13265,8
484,13267,11
485,13269,6
486,13271,6
487,13273,7
488,13275,11
489,13277,7
490,13279,7
491,13281,3
492,13283,7
493,13285,8
494,13287,5
495,13289,10
496,13291,14
497,13293,10
498,13295,18
499,13297,9
500,13299,9
501,13301,10
502,13303,10
503,13305,10
504,13307,5
505,13309,6
506,13311,9
507,13313,8
508,13315,9
509,13317,13
510,13319,9
511,13321,11
512,16001,11
513,16003,27
514,16005,21
515,16007,12
516,16009,21
517,16011,10
518,16013,36
519,16015,31
520,16017,42
521,16019,28
522,16021,25
523,16023,22
524,16025,24
525,16027,7
526,16029,17
527,16031,21
528,16033,32
529,16035,50
530,16037,77
531,16039,47
532,16041,11
533,16043,24
534,16045,6
535,16047,10
536,16049,132
537,16051,4
538,16053,2
539,16055,35
540,16057,16
541,16059,72
542,16061,10
543,16063,4
544,16065,9
545,16067,2
546,16069,17
547,16071,9
548,16073,88
549,16075,6
550,16077,13
551,16079,54
552,16081,9
553,16083,17
554,16085,54
555,16087,27
556,17001,11
557,17003,8
558,17005,10
559,17007,6
560,17009,4
561,17011,12
562,17013,4
563,17015,16
564,17017,8
565,17019,13
566,17021,10
567,17023,9
568,17025,14
569,17027,13
570,17029,12
571,17031,18
572,17033,12
573,17035,10
574,17037,13
575,17039,3
576,17041,8
577,17043,6
578,17045,14
579,17047,12
580,17049,13
581,17051,21
582,17053,13
583,17055,8
584,17057,14
585,17059,7
586,17061,6
587,17063,15
588,17065,15
589,17067,16
590,17069,5
591,17071,10
592,17073,12
593,17075,18
594,17077,15
595,17079,11
596,17081,15
597,17083,4
598,17085,14
599,17087,13
600,17089,10
601,17091,14
602,17093,12
603,17095,12
604,17097,7
605,17099,14
606,17101,11
607,17103,10
608,17105,13
609,17107,7
610,17109,10
611,17111,10
612,17113,9
613,17115,5
614,17117,18
615,17119,17
616,17121,11
617,17123,5
618,17125,9
619,17127,6
620,17129,6
621,17131,10
622,17133,8
623,17135,16
624,17137,12
625,17139,10
626,17141,14
627,17143,9
628,17145,11
629,17147,3
630,17149,14
631,17151,6
632,17153,7
633,17155,3
634,17157,11
635,17159,12
636,17161,9
637,17163,13
638,17165,9
639,17167,12
640,17169,8
641,17171,4
642,17173,20
643,17175,5
644,17177,9
645,17179,8
646,17181,11
647,17183,15
648,17185,7
649,17187,10
650,17189,20
651,17191,21
652,17193,17
653,17195,11
654,17197,23
655,17199,11
656,17201,14
657,17203,8
658,18001,5
659,18003,14
660,18005,13
661,18007,8
662,18009,4
663,18011,11
664,18013,6
665,18015,9
666,18017,9
667,18019,4
668,18021,6
669,18023,9
670,18025,10
671,18027,14
672,18029,13
673,18031,8
674,18033,10
675,18035,10
676,18037,19
677,18039,11
678,18041,6
679,18043,6
680,18045,8
681,18047,13
682,18049,5
683,18051,13
684,18053,5
685,18055,12
686,18057,12
687,18059,6
688,18061,8
689,18063,9
690,18065,11
691,18067,8
692,18069,10
693,18071,15
694,18073,8
695,18075,7
696,18077,8
697,18079,9
698,18081,14
699,18083,10
700,18085,8
701,18087,8
702,18089,10
703,18091,10
704,18093,11
705,18095,8
706,18097,12
707,18099,4
708,18101,8
709,18103,10
710,18105,11
711,18107,12
712,18109,14
713,18111,5
714,18113,8
715,18115,3
716,18117,10
717,18119,14
718,18121,8
719,18123,11
720,18125,9
721,18127,11
722,18129,11
723,18131,7
724,18133,11
725,18135,12
726,18137,14
727,18139,12
728,18141,6
729,18143,8
730,18145,10
731,18147,15
732,18149,5
733,18151,6
734,18153,8
735,18155,6
736,18157,11
737,18159,8
738,18161,4
739,18163,5
740,18165,5
741,18167,9
742,18169,7
743,18171,7
744,18173,10
745,18175,18
746,18177,10
747,18179,6
748,18181,12
749,18183,10
750,19001,12
751,19003,7
752,19005,9
753,19007,10
754,19009,6
755,19011,11
756,19013,11
757,19015,5
758,19017,9
759,19019,13
760,19021,9
761,19023,9
762,19025,9
763,19027,10
764,19029,7
765,19031,8
766,19033,9
767,19035,7
768,19037,8
769,19039,6
770,19041,7
771,19043,8
772,19045,11
773,19047,8
774,19049,10
775,19051,12
776,19053,9
777,19055,7
778,19057,7
779,19059,3
780,19061,10
781,19063,5
782,19065,11
783,19067,7
784,19069,9
785,19071,10
786,19073,9
787,19075,3
788,19077,10
789,19079,10
790,19081,7
791,19083,7
792,19085,14
793,19087,7
794,19089,8
795,19091,6
796,19093,5
797,19095,8
798,19097,13
799,19099,8
800,19101,8
801,19103,6
802,19105,9
803,19107,8
804,19109,7
805,19111,8
806,19113,11
807,19115,9
808,19117,8
809,19119,9
810,19121,9
811,19123,10
812,19125,10
813,19127,12
814,19129,8
815,19131,5
816,19133,13
817,19135,10
818,19137,9
819,19139,9
820,19141,11
821,19143,6
822,19145,9
823,19147,9
824,19149,20
825,19151,8
826,19153,11
827,19155,16
828,19157,11
829,19159,10
830,19161,6
831,19163,10
832,19165,11
833,19167,15
834,19169,11
835,19171,8
836,19173,9
837,19175,10
838,19177,7
839,19179,6
840,19181,10
841,19183,10
842,19185,12
843,19187,11
844,19189,7
845,19191,9
846,19193,16
847,19195,5
848,19197,10
849,20001,12
850,20003,11
851,20005,14
852,20007,28
853,20009,16
854,20011,9
855,20013,10
856,20015,32
857,20017,21
858,20019,12
859,20021,11
860,20023,7
861,20025,22
862,20027,14
863,20029,19
864,20031,11
865,20033,18
866,20035,16
867,20037,7
868,20039,9
869,20041,13
870,20043,7
871,20045,10
872,20047,5
873,20049,15
874,20051,5
875,20053,14
876,20055,4
877,20057,15
878,20059,10
879,20061,15
880,20063,8
881,20065,6
882,20067,5
883,20069,7
884,20071,3
885,20073,24
886,20075,4
887,20077,19
888,20079,13
889,20081,2
890,20083,14
891,20085,14
892,20087,15
893,20089,22
894,20091,11
895,20093,2
896,20095,15
897,20097,13
898,20099,11
899,20101,8
900,20103,10
901,20105,16
902,20107,7
903,20109,10
904,20111,22
905,20113,16
906,20115,20
907,20117,13
908,20119,10
909,20121,9
910,20123,19
911,20125,11
912,20127,19
913,20129,2
914,20131,18
915,20133,11
916,20135,19
917,20137,7
918,20139,7
919,20141,16
920,20143,17
921,20145,10
922,20147,12
923,20149,9
924,20151,12
925,20153,11
926,20155,23
927,20157,15
928,20159,12
929,20161,15
930,20163,6
931,20165,13
932,20167,16
933,20169,10
934,20171,4
935,20173,24
936,20175,1
937,20177,11
938,20179,10
939,20181,11
940,20183,17
941,20185,7
942,20187,6
943,20189,2
944,20191,19
945,20193,9
946,20195,7
947,20197,22
948,20199,11
949,20201,17
950,20203,5
951,20205,9
952,20207,10
953,20209,3
954,21001,13
955,21003,9
956,21005,5
957,21007,8
958,21009,10
959,21011,7
960,21013,16
961,21015,11
962,21017,12
963,21019,4
964,21021,7
965,21023,10
966,21025,8
967,21027,20
968,21029,10
969,21031,16
970,21033,13
971,21035,12
972,21037,6
973,21039,7
974,21041,9
975,21043,12
976,21045,13
977,21047,22
978,21049,9
979,21051,11
980,21053,8
981,21055,11
982,21057,11
983,21059,9
984,21061,10
985,21063,12
986,21065,7
987,21067,9
988,21069,7
989,21071,12
990,21073,10
991,21075,8
992,21077,8
993,21079,8
994,21081,12
995,21083,12
996,21085,15
997,21087,10
998,21089,12
999,21091,10
1000,21093,19
1001,21095,12
1002,21097,10
1003,21099,5
1004,21101,13
1005,21103,14
1006,21105,8
1007,21107,16
1008,21109,11
1009,21111,11
1010,21113,7
1011,21115,8
1012,21117,7
1013,21119,9
1014,21121,11
1015,21123,11
1016,21125,14
1017,21127,12
1018,21129,6
1019,21131,7
1020,21133,8
1021,21135,10
1022,21137,9
1023,21139,10
1024,21141,15
1025,21143,5
1026,21145,11
1027,21147,10
1028,21149,5
1029,21151,11
1030,21153,5
1031,21155,7
1032,21157,7
1033,21159,9
1034,21161,6
1035,21163,8
1036,21165,9
1037,21167,6
1038,21169,10
1039,21171,15
1040,21173,6
1041,21175,13
1042,21177,13
1043,21179,18
1044,21181,9
1045,21183,15
1046,21185,8
1047,21187,13
1048,21189,5
1049,21191,12
1050,21193,9
1051,21195,19
1052,21197,5
1053,21199,15
1054,21201,4
1055,21203,11
1056,21205,8
1057,21207,7
1058,21209,11
1059,21211,13
1060,21213,4
1061,21215,8
1062,21217,6
1063,21219,11
1064,21221,11
1065,21223,7
1066,21225,9
1067,21227,19
1068,21229,9
1069,21231,7
1070,21233,10
1071,21235,13
1072,21237,6
1073,21239,7
1074,22001,15
1075,22003,20
1076,22005,9
1077,22007,5
1078,22009,20
1079,22011,25
1080,22013,19
1081,22015,13
1082,22017,24
1083,22019,25
1084,22021,11
1085,22023,9
1086,22025,24
1087,22027,17
1088,22029,12
1089,22031,28
1090,22033,10
1091,22035,4
1092,22037,19
1093,22039,16
1094,22041,15
1095,22043,20
1096,22045,5
1097,22047,8
1098,22049,15
1099,22051,3
1100,22053,19
1101,22055,7
1102,22057,11
1103,22059,25
1104,22061,12
1105,22063,21
1106,22065,8
1107,22067,11
1108,22069,44
1109,22071,5
1110,22073,13
1111,22075,2
1112,22077,13
1113,22079,37
1114,22081,10
1115,22083,9
1116,22085,31
1117,22087,3
1118,22089,4
1119,22091,13
1120,22093,7
1121,22095,5
1122,22097,17
1123,22099,14
1124,22101,8
1125,22103,15
1126,22105,23
1127,22107,8
1128,22109,7
1129,22111,16
1130,22113,14
1131,22115,34
1132,22117,13
1133,22119,14
1134,22121,8
1135,22123,5
1136,22125,10
1137,22127,32
1138,23001,16
1139,23003,158
1140,23005,33
1141,23007,41
1142,23009,40
1143,23011,16
1144,23013,8
1145,23015,15
1146,23017,56
1147,23019,95
1148,23021,107
1149,23023,8
1150,23025,93
1151,23027,22
1152,23029,63
1153,23031,33
1154,24001,19
1155,24003,10
1156,24005,12
1157,24009,4
1158,24011,7
1159,24013,16
1160,24015,14
1161,24017,8
1162,24019,11
1163,24021,17
1164,24023,18
1165,24025,9
1166,24027,6
1167,24029,5
1168,24031,13
1169,24033,12
1170,24035,6
1171,24037,8
1172,24039,8
1173,24041,3
1174,24043,21
1175,24045,15
1176,24047,11
1177,25001,6
1178,25003,45
1179,25005,17
1180,25007,0
1181,25009,15
1182,25011,28
1183,25013,38
1184,25015,28
1185,25017,32
1186,25019,0
1187,25021,13
1188,25023,19
1189,25025,2
1190,25027,66
1191,26001,22
1192,26003,14
1193,26005,16
1194,26007,16
1195,26009,8
1196,26011,6
1197,26013,27
1198,26015,14
1199,26017,10
1200,26019,3
1201,26021,11
1202,26023,12
1203,26025,15
1204,26027,9
1205,26029,7
1206,26031,12
1207,26033,19
1208,26035,13
1209,26037,12
1210,26039,10
1211,26041,16
1212,26043,17
1213,26045,12
1214,26047,6
1215,26049,17
1216,26051,14
1217,26053,29
1218,26055,10
1219,26057,9
1220,26059,17
1221,26061,17
1222,26063,11
1223,26065,14
1224,26067,17
1225,26069,16
1226,26071,36
1227,26073,12
1228,26075,13
1229,26077,13
1230,26079,5
1231,26081,21
1232,26083,13
1233,26085,10
1234,26087,17
1235,26089,2
1236,26091,13
1237,26093,16
1238,26095,16
1239,26097,12
1240,26099,19
1241,26101,6
1242,26103,40
1243,26105,9
1244,26107,9
1245,26109,17
1246,26111,14
1247,26113,11
1248,26115,18
1249,26117,13
1250,26119,16
1251,26121,8
1252,26123,13
1253,26125,22
1254,26127,12
1255,26129,9
1256,26131,25
1257,26133,16
1258,26135,12
1259,26137,13
1260,26139,15
1261,26141,11
1262,26143,13
1263,26145,24
1264,26147,17
1265,26149,15
1266,26151,9
1267,26153,13
1268,26155,9
1269,26157,14
1270,26159,13
1271,26161,15
1272,26163,17
1273,26165,8
1274,27001,33
1275,27003,8
1276,27005,15
1277,27007,27
1278,27009,11
1279,27011,6
1280,27013,14
1281,27015,10
1282,27017,28
1283,27019,10
1284,27021,29
1285,27023,9
1286,27025,9
1287,27027,9
1288,27029,21
1289,27031,28
1290,27033,12
1291,27035,15
1292,27037,8
1293,27039,8
1294,27041,6
1295,27043,11
1296,27045,12
1297,27047,10
1298,27049,18
1299,27051,6
1300,27053,12
1301,27055,9
1302,27057,12
1303,27059,4
1304,27061,44
1305,27063,9
1306,27065,14
1307,27067,8
1308,27069,8
1309,27071,32
1310,27073,11
1311,27075,44
1312,27077,17
1313,27079,10
1314,27081,10
1315,27083,10
1316,27085,5
1317,27087,9
1318,27089,8
1319,27091,8
1320,27093,8
1321,27095,11
1322,27097,20
1323,27099,14
1324,27101,11
1325,27103,9
1326,27105,11
1327,27107,10
1328,27109,12
1329,27111,18
1330,27113,4
1331,27115,34
1332,27117,12
1333,27119,15
1334,27121,8
1335,27123,3
1336,27125,8
1337,27127,19
1338,27129,16
1339,27131,11
1340,27133,11
1341,27135,12
1342,27137,109
1343,27139,11
1344,27141,12
1345,27143,10
1346,27145,16
1347,27147,9
1348,27149,7
1349,27151,8
1350,27153,17
1351,27155,10
1352,27157,18
1353,27159,12
1354,27161,6
1355,27163,4
1356,27165,8
1357,27167,8
1358,27169,14
1359,27171,11
1360,27173,16
1361,28001,15
1362,28003,12
1363,28005,20
1364,28007,16
1365,28009,11
1366,28011,16
1367,28013,14
1368,28015,13
1369,28017,15
1370,28019,13
1371,28021,14
1372,28023,13
1373,28025,16
1374,28027,12
1375,28029,19
1376,28031,6
1377,28033,8
1378,28035,11
1379,28037,19
1380,28039,13
1381,28041,13
1382,28043,7
1383,28045,13
1384,28047,13
1385,28049,20
1386,28051,18
1387,28053,8
1388,28055,5
1389,28057,13
1390,28059,13
1391,28061,9
1392,28063,19
1393,28065,6
1394,28067,9
1395,28069,14
1396,28071,11
1397,28073,7
1398,28075,14
1399,28077,8
1400,28079,9
1401,28081,12
1402,28083,13
1403,28085,19
1404,28087,13
1405,28089,13
1406,28091,7
1407,28093,13
1408,28095,18
1409,28097,8
1410,28099,16
1411,28101,12
1412,28103,13
1413,28105,11
1414,28107,13
1415,28109,9
1416,28111,12
1417,28113,7
1418,28115,12
1419,28117,14
1420,28119,13
1421,28121,11
1422,28123,15
1423,28125,7
1424,28127,10
1425,28129,11
1426,28131,12
1427,28133,14
1428,28135,15
1429,28137,9
1430,28139,14
1431,28141,10
1432,28143,7
1433,28145,13
1434,28147,5
1435,28149,17
1436,28151,9
1437,28153,10
1438,28155,13
1439,28157,25
1440,28159,11
1441,28161,6
1442,28163,17
1443,29001,13
1444,29003,9
1445,29005,10
1446,29007,14
1447,29009,12
1448,29011,12
1449,29013,14
1450,29015,11
1451,29017,8
1452,29019,12
1453,29021,11
1454,29023,13
1455,29025,5
1456,29027,13
1457,29029,7
1458,29031,15
1459,29033,10
1460,29035,7
1461,29037,16
1462,29039,8
1463,29041,19
1464,29043,10
1465,29045,16
1466,29047,10
1467,29049,7
1468,29051,7
1469,29053,7
1470,29055,13
1471,29057,8
1472,29059,10
1473,29061,7
1474,29063,7
1475,29065,18
1476,29067,15
1477,29069,3
1478,29071,13
1479,29073,12
1480,29075,8
1481,29077,10
1482,29079,11
1483,29081,12
1484,29083,10
1485,29085,11
1486,29087,9
1487,29089,6
1488,29091,15
1489,29093,14
1490,29095,12
1491,29097,8
1492,29099,7
1493,29101,13
1494,29103,12
1495,29105,6
1496,29107,10
1497,29109,12
1498,29111,12
1499,29113,15
1500,29115,9
1501,29117,11
1502,29119,9
1503,29121,10
1504,29123,6
1505,29125,9
1506,29127,11
1507,29129,8
1508,29131,6
1509,29133,6
1510,29135,8
1511,29137,12
1512,29139,7
1513,29141,12
1514,29143,9
1515,29145,11
1516,29147,15
1517,29149,10
1518,29151,9
1519,29153,11
1520,29155,5
1521,29157,13
1522,29159,7
1523,29161,11
1524,29163,18
1525,29165,6
1526,29167,10
1527,29169,7
1528,29171,9
1529,29173,9
1530,29175,11
1531,29177,9
1532,29179,14
1533,29181,10
1534,29183,10
1535,29185,10
1536,29186,10
1537,29187,10
1538,29189,7
1539,29195,11
1540,29197,9
1541,29199,14
1542,29201,9
1543,29203,8
1544,29205,9
1545,29207,7
1546,29209,7
1547,29211,10
1548,29213,6
1549,29215,20
1550,29217,12
1551,29219,13
1552,29221,8
1553,29223,8
1554,29225,13
1555,29227,5
1556,29229,10
1557,30001,145
1558,30003,112
1559,30005,66
1560,30007,18
1561,30009,37
1562,30011,68
1563,30013,34
1564,30015,55
1565,30017,86
1566,30019,16
1567,30021,51
1568,30023,33
1569,30025,39
1570,30027,103
1571,30029,100
1572,30031,76
1573,30033,65
1574,30035,64
1575,30037,21
1576,30039,38
1577,30041,35
1578,30043,38
1579,30045,40
1580,30047,30
1581,30049,75
1582,30051,27
1583,30053,84
1584,30055,67
1585,30057,103
1586,30059,43
1587,30061,19
1588,30063,52
1589,30065,34
1590,30067,75
1591,30069,32
1592,30071,59
1593,30073,38
1594,30075,66
1595,30077,60
1596,30079,40
1597,30081,52
1598,30083,42
1599,30085,36
1600,30087,90
1601,30089,49
1602,30091,20
1603,30093,16
1604,30095,42
1605,30097,42
1606,30099,48
1607,30101,25
1608,30103,20
1609,30105,70
1610,30107,33
1611,30109,26
1612,30111,52
1613,31001,15
1614,31003,14
1615,31005,0
1616,31007,4
1617,31009,6
1618,31011,13
1619,31013,12
1620,31015,16
1621,31017,17
1622,31019,19
1623,31021,11
1624,31023,12
1625,31025,18
1626,31027,14
1627,31029,5
1628,31031,31
1629,31033,4
1630,31035,13
1631,31037,10
1632,31039,16
1633,31041,24
1634,31043,6
1635,31045,32
1636,31047,11
1637,31049,2
1638,31051,12
1639,31053,11
1640,31055,7
1641,31057,13
1642,31059,11
1643,31061,14
1644,31063,12
1645,31065,9
1646,31067,21
1647,31069,4
1648,31071,11
1649,31073,7
1650,31075,3
1651,31077,20
1652,31079,12
1653,31081,9
1654,31083,15
1655,31085,5
1656,31087,12
1657,31089,31
1658,31091,5
1659,31093,19
1660,31095,10
1661,31097,10
1662,31099,6
1663,31101,5
1664,31103,25
1665,31105,1
1666,31107,21
1667,31109,21
1668,31111,17
1669,31113,7
1670,31119,10
1671,31121,11
1672,31123,11
1673,31125,14
1674,31127,6
1675,31129,17
1676,31131,9
1677,31133,13
1678,31135,4
1679,31137,5
1680,31139,7
1681,31141,13
1682,31143,7
1683,31145,13
1684,31147,12
1685,31149,16
1686,31151,14
1687,31153,10
1688,31155,16
1689,31157,8
1690,31159,15
1691,31161,18
1692,31163,16
1693,31165,30
1694,31167,12
1695,31169,9
1696,31171,4
1697,31173,12
1698,31175,20
1699,31177,9
1700,31179,12
1701,31181,22
1702,31183,8
1703,31185,7
1704,32001,19
1705,32003,23
1706,32005,9
1707,32007,202
1708,32009,13
1709,32011,42
1710,32013,95
1711,32015,31
1712,32017,33
1713,32019,6
1714,32021,10
1715,32023,46
1716,32027,24
1717,32029,2
1718,32031,37
1719,32033,40
1720,32510,2
1721,33001,18
1722,33003,35
1723,33005,28
1724,33007,43
1725,33009,58
1726,33011,39
1727,33013,39
1728,33015,30
1729,33017,16
1730,33019,31
1731,34001,13
1732,34003,8
1733,34005,27
1734,34007,5
1735,34009,6
1736,34011,9
1737,34013,3
1738,34015,8
1739,34017,2
1740,34019,13
1741,34021,10
1742,34023,12
1743,34025,15
1744,34027,17
1745,34029,27
1746,34031,11
1747,34033,8
1748,34035,16
1749,34037,15
1750,34039,5
1751,34041,7
1752,35001,9
1753,35003,45
1754,35005,19
1755,35006,27
1756,35007,43
1757,35009,2
1758,35011,15
1759,35013,5
1760,35015,14
1761,35017,32
1762,35019,23
1763,35021,13
1764,35023,13
1765,35025,0
1766,35027,20
1767,35028,3
1768,35029,3
1769,35031,51
1770,35033,29
1771,35035,16
1772,35037,30
1773,35039,50
1774,35041,2
1775,35043,49
1776,35045,55
1777,35047,58
1778,35049,24
1779,35051,31
1780,35053,30
1781,35055,27
1782,35057,9
1783,35059,28
1784,35061,10
1785,36001,13
1786,36003,29
1787,36005,2
1788,36007,19
1789,36009,32
1790,36011,15
1791,36013,25
1792,36015,11
1793,36017,32
1794,36019,22
1795,36021,16
1796,36023,19
1797,36025,34
1798,36027,25
1799,36029,22
1800,36031,59
1801,36033,36
1802,36035,24
1803,36037,13
1804,36039,21
1805,36041,67
1806,36043,46
1807,36045,26
1808,36047,0
1809,36049,33
1810,36051,15
1811,36053,21
1812,36055,15
1813,36057,14
1814,36059,0
1815,36061,0
1816,36063,14
1817,36065,41
1818,36067,18
1819,36069,19
1820,36071,28
1821,36073,6
1822,36075,28
1823,36077,23
1824,36079,11
1825,36081,0
1826,36083,18
1827,36085,0
1828,36087,9
1829,36089,45
1830,36091,27
1831,36093,5
1832,36095,17
1833,36097,12
1834,36099,5
1835,36101,26
1836,36103,5
1837,36105,39
1838,36107,13
1839,36109,14
1840,36111,24
1841,36113,28
1842,36115,25
1843,36117,15
1844,36119,19
1845,36121,22
1846,36123,8
1847,37001,11
1848,37003,12
1849,37005,10
1850,37007,12
1851,37009,12
1852,37011,10
1853,37013,16
1854,37015,12
1855,37017,11
1856,37019,17
1857,37021,13
1858,37023,14
1859,37025,10
1860,37027,15
1861,37029,7
1862,37031,7
1863,37033,12
1864,37035,12
1865,37037,11
1866,37039,7
1867,37041,2
1868,37043,10
1869,37045,15
1870,37047,15
1871,37049,17
1872,37051,10
1873,37053,6
1874,37055,2
1875,37057,12
1876,37059,6
1877,37061,12
1878,37063,15
1879,37065,12
1880,37067,18
1881,37069,14
1882,37071,13
1883,37073,7
1884,37075,6
1885,37077,21
1886,37079,7
1887,37081,13
1888,37083,8
1889,37085,10
1890,37087,14
1891,37089,16
1892,37091,10
1893,37093,12
1894,37095,5
1895,37097,17
1896,37099,11
1897,37101,12
1898,37103,9
1899,37105,5
1900,37107,9
1901,37109,13
1902,37111,13
1903,37113,9
1904,37115,9
1905,37117,11
1906,37119,18
1907,37121,6
1908,37123,15
1909,37125,17
1910,37127,11
1911,37129,3
1912,37131,8
1913,37133,13
1914,37135,12
1915,37137,6
1916,37139,5
1917,37141,15
1918,37143,3
1919,37145,14
1920,37147,16
1921,37149,7
1922,37151,18
1923,37153,16
1924,37155,17
1925,37157,17
1926,37159,18
1927,37161,16
1928,37163,13
1929,37165,11
1930,37167,9
1931,37169,12
1932,37171,13
1933,37173,15
1934,37175,12
1935,37177,7
1936,37179,12
1937,37181,13
1938,37183,15
1939,37185,10
1940,37187,5
1941,37189,14
1942,37191,13
1943,37193,20
1944,37195,10
1945,37197,14
1946,37199,11
1947,38001,14
1948,38003,5
1949,38005,2
1950,38007,29
1951,38009,11
1952,38011,24
1953,38013,7
1954,38015,12
1955,38017,10
1956,38019,7
1957,38021,10
1958,38023,1
1959,38025,25
1960,38027,3
1961,38029,15
1962,38031,7
1963,38033,21
1964,38035,18
1965,38037,23
1966,38039,2
1967,38041,15
1968,38043,0
1969,38045,7
1970,38047,2
1971,38049,11
1972,38051,1
1973,38053,51
1974,38055,8
1975,38057,15
1976,38059,28
1977,38061,7
1978,38063,6
1979,38065,11
1980,38067,6
1981,38069,1
1982,38071,0
1983,38073,5
1984,38075,6
1985,38077,9
1986,38079,5
1987,38081,3
1988,38083,1
1989,38085,18
1990,38087,22
1991,38089,14
1992,38091,7
1993,38093,9
1994,38095,1
1995,38097,10
1996,38099,12
1997,38101,9
1998,38103,7
1999,38105,16
2000,39001,11
2001,39003,10
2002,39005,16
2003,39007,21
2004,39009,17
2005,39011,10
2006,39013,15
2007,39015,15
2008,39017,9
2009,39019,13
2010,39021,15
2011,39023,11
2012,39025,9
2013,39027,14
2014,39029,15
2015,39031,15
2016,39033,11
2017,39035,13
2018,39037,13
2019,39039,12
2020,39041,15
2021,39043,7
2022,39045,11
2023,39047,9
2024,39049,9
2025,39051,12
2026,39053,10
2027,39055,13
2028,39057,12
2029,39059,13
2030,39061,10
2031,39063,12
2032,39065,12
2033,39067,17
2034,39069,9
2035,39071,16
2036,39073,16
2037,39075,11
2038,39077,10
2039,39079,11
2040,39081,12
2041,39083,16
2042,39085,6
2043,39087,10
2044,39089,18
2045,39091,17
2046,39093,12
2047,39095,8
2048,39097,17
2049,39099,13
2050,39101,11
2051,39103,10
2052,39105,13
2053,39107,10
2054,39109,8
2055,39111,9
2056,39113,8
2057,39115,9
2058,39117,13
2059,39119,21
2060,39121,14
2061,39123,5
2062,39125,14
2063,39127,15
2064,39129,12
2065,39131,12
2066,39133,13
2067,39135,9
2068,39137,15
2069,39139,11
2070,39141,19
2071,39143,11
2072,39145,13
2073,39147,17
2074,39149,10
2075,39151,13
2076,39153,16
2077,39155,22
2078,39157,21
2079,39159,9
2080,39161,13
2081,39163,11
2082,39165,12
2083,39167,16
2084,39169,10
2085,39171,10
2086,39173,13
2087,39175,14
2088,40001,10
2089,40003,15
2090,40005,22
2091,40007,23
2092,40009,24
2093,40011,15
2094,40013,28
2095,40015,24
2096,40017,19
2097,40019,24
2098,40021,12
2099,40023,24
2100,40025,13
2101,40027,15
2102,40029,17
2103,40031,27
2104,40033,18
2105,40035,10
2106,40037,17
2107,40039,17
2108,40041,11
2109,40043,22
2110,40045,22
2111,40047,17
2112,40049,25
2113,40051,34
2114,40053,17
2115,40055,13
2116,40057,15
2117,40059,13
2118,40061,14
2119,40063,19
2120,40065,13
2121,40067,23
2122,40069,15
2123,40071,15
2124,40073,16
2125,40075,20
2126,40077,17
2127,40079,29
2128,40081,21
2129,40083,23
2130,40085,16
2131,40087,21
2132,40089,45
2133,40091,11
2134,40093,18
2135,40095,10
2136,40097,8
2137,40099,13
2138,40101,20
2139,40103,13
2140,40105,9
2141,40107,12
2142,40109,16
2143,40111,17
2144,40113,32
2145,40115,8
2146,40117,10
2147,40119,20
2148,40121,23
2149,40123,17
2150,40125,18
2151,40127,30
2152,40129,27
2153,40131,9
2154,40133,17
2155,40135,12
2156,40137,25
2157,40139,14
2158,40141,17
2159,40143,14
2160,40145,7
2161,40147,7
2162,40149,19
2163,40151,21
2164,40153,26
2165,41001,54
2166,41003,22
2167,41005,34
2168,41007,17
2169,41009,14
2170,41011,58
2171,41013,38
2172,41015,48
2173,41017,16
2174,41019,126
2175,41021,16
2176,41023,72
2177,41025,93
2178,41027,25
2179,41029,66
2180,41031,23
2181,41033,40
2182,41035,62
2183,41037,72
2184,41039,88
2185,41041,18
2186,41043,32
2187,41045,88
2188,41047,25
2189,41049,14
2190,41051,8
2191,41053,17
2192,41055,6
2193,41057,31
2194,41059,37
2195,41061,32
2196,41063,51
2197,41065,28
2198,41067,21
2199,41069,27
2200,41071,17
2201,42001,8
2202,42003,17
2203,42005,18
2204,42007,17
2205,42009,24
2206,42011,26
2207,42013,12
2208,42015,29
2209,42017,20
2210,42019,19
2211,42021,20
2212,42023,14
2213,42025,16
2214,42027,31
2215,42029,20
2216,42031,15
2217,42033,25
2218,42035,22
2219,42037,13
2220,42039,20
2221,42041,5
2222,42043,17
2223,42045,2
2224,42047,28
2225,42049,19
2226,42051,19
2227,42053,13
2228,42055,17
2229,42057,10
2230,42059,18
2231,42061,22
2232,42063,20
2233,42065,13
2234,42067,7
2235,42069,14
2236,42071,28
2237,42073,13
2238,42075,16
2239,42077,12
2240,42079,25
2241,42081,25
2242,42083,26
2243,42085,11
2244,42087,10
2245,42089,33
2246,42091,12
2247,42093,7
2248,42095,13
2249,42097,16
2250,42099,9
2251,42101,4
2252,42103,29
2253,42105,32
2254,42107,15
2255,42109,8
2256,42111,24
2257,42113,17
2258,42115,33
2259,42117,23
2260,42119,6
2261,42121,14
2262,42123,15
2263,42125,27
2264,42127,30
2265,42129,25
2266,42131,15
2267,42133,13
2268,44001,1
2269,44003,11
2270,44005,1
2271,44007,20
2272,44009,17
2273,45001,18
2274,45003,18
2275,45005,7
2276,45007,19
2277,45009,7
2278,45011,14
2279,45013,7
2280,45015,16
2281,45017,12
2282,45019,11
2283,45021,8
2284,45023,11
2285,45025,9
2286,45027,5
2287,45029,18
2288,45031,8
2289,45033,7
2290,45035,7
2291,45037,17
2292,45039,16
2293,45041,13
2294,45043,16
2295,45045,20
2296,45047,12
2297,45049,9
2298,45051,12
2299,45053,6
2300,45055,12
2301,45057,15
2302,45059,14
2303,45061,6
2304,45063,12
2305,45065,12
2306,45067,11
2307,45069,7
2308,45071,11
2309,45073,21
2310,45075,20
2311,45077,14
2312,45079,25
2313,45081,11
2314,45083,15
2315,45085,17
2316,45087,10
2317,45089,9
2318,45091,18
2319,46003,5
2320,46005,8
2321,46007,19
2322,46009,9
2323,46011,9
2324,46013,15
2325,46015,4
2326,46017,8
2327,46019,42
2328,46021,3
2329,46023,12
2330,46025,4
2331,46027,7
2332,46029,5
2333,46031,32
2334,46033,28
2335,46035,8
2336,46037,2
2337,46039,11
2338,46041,28
2339,46043,5
2340,46045,2
2341,46047,49
2342,46049,6
2343,46051,9
2344,46053,21
2345,46055,37
2346,46057,4
2347,46059,18
2348,46061,10
2349,46063,45
2350,46065,11
2351,46067,14
2352,46069,9
2353,46071,35
2354,46073,7
2355,46075,26
2356,46077,4
2357,46079,6
2358,46081,24
2359,46083,12
2360,46085,27
2361,46087,6
2362,46089,5
2363,46091,5
2364,46093,64
2365,46095,29
2366,46097,7
2367,46099,13
2368,46101,10
2369,46103,47
2370,46105,37
2371,46107,4
2372,46109,10
2373,46111,6
2374,46113,46
2375,46115,10
2376,46117,28
2377,46119,6
2378,46121,29
2379,46123,26
2380,46125,11
2381,46127,12
2382,46129,6
2383,46135,9
2384,46137,40
2385,47001,8
2386,47003,13
2387,47005,9
2388,47007,13
2389,47009,18
2390,47011,9
2391,47013,17
2392,47015,12
2393,47017,15
2394,47019,8
2395,47021,12
2396,47023,12
2397,47025,12
2398,47027,13
2399,47029,13
2400,47031,12
2401,47033,3
2402,47035,18
2403,47037,15
2404,47039,8
2405,47041,7
2406,47043,14
2407,47045,11
2408,47047,12
2409,47049,21
2410,47051,12
2411,47053,10
2412,47055,16
2413,47057,7
2414,47059,14
2415,47061,8
2416,47063,6
2417,47065,15
2418,47067,8
2419,47069,14
2420,47071,12
2421,47073,14
2422,47075,10
2423,47077,16
2424,47079,17
2425,47081,9
2426,47083,7
2427,47085,11
2428,47087,12
2429,47089,8
2430,47091,10
2431,47093,14
2432,47095,3
2433,47097,10
2434,47099,17
2435,47101,8
2436,47103,16
2437,47105,9
2438,47107,11
2439,47109,11
2440,47111,9
2441,47113,12
2442,47115,8
2443,47117,14
2444,47119,10
2445,47121,5
2446,47123,13
2447,47125,18
2448,47127,5
2449,47129,24
2450,47131,16
2451,47133,13
2452,47135,6
2453,47137,6
2454,47139,9
2455,47141,15
2456,47143,8
2457,47145,8
2458,47147,12
2459,47149,12
2460,47151,17
2461,47153,6
2462,47155,16
2463,47157,11
2464,47159,9
2465,47161,13
2466,47163,13
2467,47165,15
2468,47167,6
2469,47169,3
2470,47171,5
2471,47173,4
2472,47175,7
2473,47177,13
2474,47179,10
2475,47181,18
2476,47183,13
2477,47185,7
2478,47187,17
2479,47189,11
2480,48001,30
2481,48003,0
2482,48005,26
2483,48007,4
2484,48009,19
2485,48011,8
2486,48013,23
2487,48015,11
2488,48017,0
2489,48019,15
2490,48021,20
2491,48023,17
2492,48025,22
2493,48027,24
2494,48029,29
2495,48031,18
2496,48035,24
2497,48037,19
2498,48039,17
2499,48041,13
2500,48043,33
2501,48045,16
2502,48047,7
2503,48049,17
2504,48051,9
2505,48053,18
2506,48055,13
2507,48057,11
2508,48059,25
2509,48061,4
2510,48063,6
2511,48065,11
2512,48067,20
2513,48069,0
2514,48071,10
2515,48073,29
2516,48075,13
2517,48077,21
2518,48079,0
2519,48081,9
2520,48083,21
2521,48085,19
2522,48087,10
2523,48089,23
2524,48091,12
2525,48093,17
2526,48095,18
2527,48097,26
2528,48099,16
2529,48101,14
2530,48103,1
2531,48105,6
2532,48107,8
2533,48109,5
2534,48111,7
2535,48113,20
2536,48115,2
2537,48117,4
2538,48119,12
2539,48121,17
2540,48123,21
2541,48125,12
2542,48127,17
2543,48129,14
2544,48131,29
2545,48133,23
2546,48135,0
2547,48137,21
2548,48139,23
2549,48141,1
2550,48143,32
2551,48145,19
2552,48147,30
2553,48149,17
2554,48151,12
2555,48153,5
2556,48155,17
2557,48157,20
2558,48159,12
2559,48161,18
2560,48163,26
2561,48165,0
2562,48167,6
2563,48169,7
2564,48171,19
2565,48173,4
2566,48175,13
2567,48177,24
2568,48179,7
2569,48181,32
2570,48183,9
2571,48185,25
2572,48187,15
2573,48189,0
2574,48191,18
2575,48193,11
2576,48195,6
2577,48197,15
2578,48199,20
2579,48201,29
2580,48203,21
2581,48205,12
2582,48207,11
2583,48209,18
2584,48211,10
2585,48213,20
2586,48215,4
2587,48217,23
2588,48219,0
2589,48221,11
2590,48223,23
2591,48225,26
2592,48227,10
2593,48229,4
2594,48231,23
2595,48233,16
2596,48235,3
2597,48237,21
2598,48239,19
2599,48241,24
2600,48243,11
2601,48245,16
2602,48247,11
2603,48249,27
2604,48251,22
2605,48253,18
2606,48255,21
2607,48257,19
2608,48259,19
2609,48261,2
2610,48263,9
2611,48265,14
2612,48267,17
2613,48269,19
2614,48271,22
2615,48273,10
2616,48275,11
2617,48277,34
2618,48279,0
2619,48281,11
2620,48283,21
2621,48285,19
2622,48287,19
2623,48289,23
2624,48291,16
2625,48293,19
2626,48295,21
2627,48297,17
2628,48299,21
2629,48303,1
2630,48305,1
2631,48307,23
2632,48309,25
2633,48311,24
2634,48313,15
2635,48315,10
2636,48317,1
2637,48319,16
2638,48321,18
2639,48323,15
2640,48325,22
2641,48327,16
2642,48329,0
2643,48331,29
2644,48333,15
2645,48335,16
2646,48337,27
2647,48339,21
2648,48341,10
2649,48343,9
2650,48345,18
2651,48347,28
2652,48349,24
2653,48351,24
2654,48353,16
2655,48355,10
2656,48357,12
2657,48359,22
2658,48361,9
2659,48363,23
2660,48365,11
2661,48367,22
2662,48369,1
2663,48371,9
2664,48373,28
2665,48375,11
2666,48377,20
2667,48379,12
2668,48381,4
2669,48383,2
2670,48385,9
2671,48387,36
2672,48389,6
2673,48391,15
2674,48393,15
2675,48395,20
2676,48397,5
2677,48399,19
2678,48401,30
2679,48403,12
2680,48405,23
2681,48407,11
2682,48409,5
2683,48411,17
2684,48413,9
2685,48415,17
2686,48417,21
2687,48419,27
2688,48421,4
2689,48423,20
2690,48425,7
2691,48427,6
2692,48429,22
2693,48431,11
2694,48433,13
2695,48435,7
2696,48437,2
2697,48439,22
2698,48441,18
2699,48443,13
2700,48445,0
2701,48447,15
2702,48449,14
2703,48451,16
2704,48453,17
2705,48455,16
2706,48457,19
2707,48459,15
2708,48461,2
2709,48463,20
2710,48465,18
2711,48467,21
2712,48469,15
2713,48471,23
2714,48473,18
2715,48475,2
2716,48477,16
2717,48479,43
2718,48481,26
2719,48483,8
2720,48485,17
2721,48487,17
2722,48489,2
2723,48491,21
2724,48493,18
2725,48495,0
2726,48497,23
2727,48499,14
2728,48501,0
2729,48503,18
2730,48505,15
2731,48507,21
2732,49001,15
2733,49003,29
2734,49005,17
2735,49007,29
2736,49009,13
2737,49011,2
2738,49013,34
2739,49015,23
2740,49017,79
2741,49019,25
2742,49021,21
2743,49023,19
2744,49025,36
2745,49027,22
2746,49029,8
2747,49031,16
2748,49033,13
2749,49035,7
2750,49037,43
2751,49039,26
2752,49041,39
2753,49043,35
2754,49045,17
2755,49047,26
2756,49049,27
2757,49051,16
2758,49053,28
2759,49055,23
2760,49057,8
2761,50001,27
2762,50003,33
2763,50005,20
2764,50007,8
2765,50009,19
2766,50011,12
2767,50013,0
2768,50015,15
2769,50017,14
2770,50019,15
2771,50021,35
2772,50023,11
2773,50025,34
2774,50027,31
2775,51001,5
2776,51003,14
2777,51005,9
2778,51007,9
2779,51009,8
2780,51011,12
2781,51013,1
2782,51015,9
2783,51017,10
2784,51019,18
2785,51021,10
2786,51023,12
2787,51025,10
2788,51027,12
2789,51029,17
2790,51031,14
2791,51033,21
2792,51035,11
2793,51036,7
2794,51037,12
2795,51041,13
2796,51043,5
2797,51045,5
2798,51047,12
2799,51049,9
2800,51051,11
2801,51053,14
2802,51057,13
2803,51059,13
2804,51061,21
2805,51063,10
2806,51065,5
2807,51067,15
2808,51069,13
2809,51071,13
2810,51073,8
2811,51075,9
2812,51077,14
2813,51079,4
2814,51081,6
2815,51083,22
2816,51085,8
2817,51087,9
2818,51089,13
2819,51091,9
2820,51093,13
2821,51095,8
2822,51097,16
2823,51099,7
2824,51101,15
2825,51103,6
2826,51105,9
2827,51107,16
2828,51109,11
2829,51111,11
2830,51113,6
2831,51115,1
2832,51117,16
2833,51119,5
2834,51121,16
2835,51125,10
2836,51127,10
2837,51131,1
2838,51133,4
2839,51135,13
2840,51137,10
2841,51139,3
2842,51141,13
2843,51143,28
2844,51145,12
2845,51147,7
2846,51149,8
2847,51153,11
2848,51155,9
2849,51157,9
2850,51159,5
2851,51161,8
2852,51163,13
2853,51165,15
2854,51167,14
2855,51169,14
2856,51171,4
2857,51173,10
2858,51175,13
2859,51177,9
2860,51179,7
2861,51181,8
2862,51183,15
2863,51185,19
2864,51187,7
2865,51191,15
2866,51193,6
2867,51195,23
2868,51197,8
2869,51199,9
2870,51710,7
2871,51800,6
2872,51810,5
2873,53001,8
2874,53003,13
2875,53005,10
2876,53007,44
2877,53009,51
2878,53011,12
2879,53013,17
2880,53015,19
2881,53017,16
2882,53019,46
2883,53021,4
2884,53023,12
2885,53025,20
2886,53027,64
2887,53029,0
2888,53031,41
2889,53033,46
2890,53035,8
2891,53037,41
2892,53039,27
2893,53041,59
2894,53043,26
2895,53045,28
2896,53047,85
2897,53049,30
2898,53051,29
2899,53053,37
2900,53055,0
2901,53057,39
2902,53059,36
2903,53061,50
2904,53063,28
2905,53065,52
2906,53067,16
2907,53069,8
2908,53071,11
2909,53073,65
2910,53075,23
2911,53077,52
2912,54001,9
2913,54003,6
2914,54005,8
2915,54007,15
2916,54009,6
2917,54011,7
2918,54013,7
2919,54015,9
2920,54017,7
2921,54019,16
2922,54021,10
2923,54023,16
2924,54025,22
2925,54027,11
2926,54029,9
2927,54031,10
2928,54033,7
2929,54035,15
2930,54037,6
2931,54039,16
2932,54041,12
2933,54043,9
2934,54045,8
2935,54047,6
2936,54049,10
2937,54051,12
2938,54053,13
2939,54055,9
2940,54057,12
2941,54059,10
2942,54061,6
2943,54063,15
2944,54065,6
2945,54067,17
2946,54069,4
2947,54071,8
2948,54073,3
2949,54075,16
2950,54077,17
2951,54079,7
2952,54081,19
2953,54083,18
2954,54085,7
2955,54087,13
2956,54089,10
2957,54091,5
2958,54093,14
2959,54095,5
2960,54097,12
2961,54099,11
2962,54101,12
2963,54103,7
2964,54105,12
2965,54107,12
2966,54109,12
2967,55001,12
2968,55003,27
2969,55005,21
2970,55007,45
2971,55009,9
2972,55011,19
2973,55013,20
2974,55015,8
2975,55017,25
2976,55019,24
2977,55021,15
2978,55023,9
2979,55025,16
2980,55027,10
2981,55029,7
2982,55031,30
2983,55033,34
2984,55035,21
2985,55037,16
2986,55039,17
2987,55041,21
2988,55043,18
2989,55045,15
2990,55047,8
2991,55049,23
2992,55051,27
2993,55053,27
2994,55055,12
2995,55057,14
2996,55059,4
2997,55061,8
2998,55063,12
2999,55065,14
3000,55067,23
3001,55069,15
3002,55071,11
3003,55073,25
3004,55075,27
3005,55077,12
3006,55079,6
3007,55081,27
3008,55083,22
3009,55085,24
3010,55087,9
3011,55089,6
3012,55091,15
3013,55093,13
3014,55095,19
3015,55097,16
3016,55099,31
3017,55101,9
3018,55103,8
3019,55105,11
3020,55107,24
3021,55109,14
3022,55111,16
3023,55113,23
3024,55115,26
3025,55117,8
3026,55119,34
3027,55121,20
3028,55123,19
3029,55125,26
3030,55127,9
3031,55129,17
3032,55131,14
3033,55133,11
3034,55135,17
3035,55137,11
3036,55139,4
3037,55141,14
3038,56001,63
3039,56003,51
3040,56005,89
3041,56007,105
3042,56009,87
3043,56011,73
3044,56013,117
3045,56015,19
3046,56017,43
3047,56019,82
3048,56021,26
3049,56023,52
3050,56025,78
3051,56027,52
3052,56029,155
3053,56031,35
3054,56033,78
3055,56035,65
3056,56037,49
3057,56039,101
3058,56041,33
3059,56043,54
3060,56045,57